A client rate is missing; invoice generation stopped.	Un tarif client manque ; la génération de facture est arrêtée.	Falta una tarifa del cliente; se detuvo la generación de la factura.
A hotel needs a name.	L’hôtel doit avoir un nom.	El hotel debe tener un nombre.
A private room, room number, and valid check-in/out dates are required.	Une chambre individuelle, son numéro et des dates d’arrivée/départ valides sont requis.	Se requieren habitación individual, número y fechas válidas de entrada/salida.
A verified valid licence, approved MVR and signed vehicle agreement are required.	Un permis valide vérifié, un MVR approuvé et un accord véhicule signé sont requis.	Se requieren licencia válida verificada, MVR aprobado y acuerdo del vehículo firmado.
ADP export blocked: check employee IDs/categories, salary setup, per-diem code and separately reconcile expenses.	Export ADP bloqué : vérifiez les identifiants/catégories, les salaires et le code des indemnités ; rapprochez les dépenses séparément.	Exportación ADP bloqueada: revise identificadores/categorías, salarios y código de viáticos; concilie los gastos por separado.
AI provider unavailable. No recruitment decision was changed.	Service IA indisponible. Aucune décision de recrutement n’a été modifiée.	Servicio de IA no disponible. No se modificó ninguna decisión de contratación.
Account already exists or invitation was used. Sign in or contact recruiting.	Le compte existe déjà ou l’invitation a été utilisée. Connectez-vous ou contactez le recrutement.	La cuenta ya existe o la invitación fue utilizada. Inicie sesión o contacte con selección.
Account updated.	Compte mis à jour.	Cuenta actualizada.
Active assignment required.	Une mission active est requise.	Se requiere una asignación activa.
Application unavailable in this project.	Candidature indisponible dans ce projet.	Solicitud no disponible en este proyecto.
Billing requires a configured HTTPS workspace URL.	La facturation exige une adresse HTTPS configurée pour cet espace.	La facturación requiere una URL HTTPS configurada para este espacio.
Call logged.	Appel enregistré.	Llamada registrada.
Candidate authorization must be signed before screening proceeds.	L’autorisation du candidat doit être signée avant de poursuivre les contrôles.	El candidato debe firmar la autorización antes de continuar los controles.
Channel membership required.	Vous devez être membre du canal.	Debe pertenecer al canal.
Choose a CSV or XLSX file up to 10 MB.	Choisissez un fichier CSV ou XLSX de 10 Mo maximum.	Seleccione un archivo CSV o XLSX de hasta 10 MB.
Choose a document type and a file up to 10 MB.	Choisissez un type de document et un fichier de 10 Mo maximum.	Seleccione un tipo de documento y un archivo de hasta 10 MB.
Complete required background/drug screening before deployment.	Terminez les contrôles d’antécédents/dépistages requis avant le déploiement.	Complete los controles de antecedentes y drogas requeridos antes del despliegue.
Complete screening checks before offering this job.	Terminez les contrôles avant de proposer ce poste.	Complete los controles antes de ofrecer este puesto.
Complete the employment paperwork review before deployment.	Terminez la vérification des documents d’embauche avant le déploiement.	Complete la revisión de los documentos laborales antes del despliegue.
Completed Section 1, employer-signed form evidence, verifier and dates are required.	La section 1 complétée, le formulaire signé par l’employeur, le vérificateur et les dates sont requis.	Se requieren sección 1 completada, formulario firmado por el empleador, verificador y fechas.
Configure ADP RUN company and earnings codes from your actual ADP template first.	Configurez d’abord les codes entreprise et rémunération selon votre modèle ADP RUN réel.	Configure primero los códigos de empresa e ingresos según su plantilla ADP RUN real.
Configure Stripe and choose 1–100,000 contracted seats.	Configurez Stripe et choisissez entre 1 et 100 000 places contractuelles.	Configure Stripe y seleccione entre 1 y 100 000 plazas contratadas.
Configure and approve required onboarding tasks before deployment.	Configurez et approuvez les tâches d’intégration requises avant le déploiement.	Configure y apruebe las tareas de incorporación requeridas antes del despliegue.
Configure and approve the AI provider before requesting reviews.	Configurez et approuvez le service IA avant de demander des analyses.	Configure y apruebe el servicio de IA antes de solicitar análisis.
Confirm that the evidence contains only relevant qualifications and is approved for external processing.	Confirmez que les preuves portent uniquement sur les qualifications pertinentes et sont autorisées pour un traitement externe.	Confirme que las pruebas contienen solo cualificaciones pertinentes y están autorizadas para tratamiento externo.
Daily AI review limit reached.	Limite quotidienne d’analyses IA atteinte.	Se alcanzó el límite diario de análisis de IA.
Desk changed.	Fonction modifiée.	Función modificada.
Document encryption key is unavailable.	La clé de chiffrement des documents est indisponible.	La clave de cifrado de documentos no está disponible.
Document integrity check failed.	La vérification d’intégrité du document a échoué.	Falló la comprobación de integridad del documento.
Document storage unavailable.	Stockage documentaire indisponible.	Almacenamiento de documentos no disponible.
Document unavailable.	Document indisponible.	Documento no disponible.
Driver needs a portal account and approved vehicle agreement text.	Le conducteur doit avoir un compte portail et un accord véhicule approuvé.	El conductor necesita una cuenta del portal y un acuerdo del vehículo aprobado.
Employee record unavailable.	Dossier employé indisponible.	Expediente del empleado no disponible.
Encryption failed.	Échec du chiffrement.	Error de cifrado.
Enter the complete offer terms before issuing an offer.	Saisissez toutes les conditions de l’offre avant de l’émettre.	Introduzca todas las condiciones antes de emitir la oferta.
Equipment is unavailable.	Équipement indisponible.	Equipo no disponible.
Google authorization expired or invalid. Start again.	Autorisation Google expirée ou invalide. Recommencez.	Autorización de Google caducada o inválida. Vuelva a empezar.
Google authorization was not completed.	L’autorisation Google n’a pas été finalisée.	No se completó la autorización de Google.
Google connection failed. Check configuration and use your registered account.	Connexion Google échouée. Vérifiez la configuration et utilisez votre compte enregistré.	Error de conexión con Google. Revise la configuración y use su cuenta registrada.
Google connection is not configured. Ask the administrator to complete OAuth setup.	Connexion Google non configurée. Demandez à l’administrateur de terminer la configuration OAuth.	La conexión con Google no está configurada. Solicite al administrador completar OAuth.
Google email is not verified.	L’adresse Google n’est pas vérifiée.	El correo de Google no está verificado.
Guarantee cannot exceed 168 hours.	La garantie ne peut pas dépasser 168 heures.	La garantía no puede superar las 168 horas.
Header row and at least one data row required.	Une ligne d’en-tête et au moins une ligne de données sont requises.	Se requieren una fila de encabezado y al menos una fila de datos.
Invalid assignment or dates.	Mission ou dates invalides.	Asignación o fechas inválidas.
Invalid billing basis.	Base de facturation invalide.	Base de facturación inválida.
Invalid billing customer.	Client de facturation invalide.	Cliente de facturación inválido.
Invalid billing portal URL.	Adresse du portail de facturation invalide.	URL del portal de facturación inválida.
Invalid call outcome.	Résultat d’appel invalide.	Resultado de llamada inválido.
Invalid channel or requisition.	Canal ou demande de personnel invalide.	Canal o solicitud de personal inválidos.
Invalid checkout URL.	Adresse de paiement invalide.	URL de pago inválida.
Invalid operating settings.	Paramètres opérationnels invalides.	Configuración operativa inválida.
Invalid payment setup.	Configuration de paiement invalide.	Configuración de pago inválida.
Invalid price.	Prix invalide.	Precio inválido.
Invalid project amount or headcount.	Montant ou effectif du projet invalide.	Importe o cantidad de personal del proyecto inválidos.
Invalid project dates.	Dates de projet invalides.	Fechas del proyecto inválidas.
Invalid supervisor.	Superviseur invalide.	Supervisor inválido.
Invitation expired or already used. Ask recruiting for a new invitation.	Invitation expirée ou déjà utilisée. Demandez une nouvelle invitation au recrutement.	Invitación caducada o utilizada. Solicite una nueva al equipo de selección.
Job saved.	Projet enregistré.	Proyecto guardado.
Keep at least one active administrator.	Conservez au moins un administrateur actif.	Mantenga al menos un administrador activo.
Map the employee name column.	Associez la colonne du nom de l’employé.	Asocie la columna del nombre del empleado.
Name, email and a desk are all needed.	Le nom, l’adresse email et la fonction sont requis.	Se requieren nombre, correo y función.
New trade or title required.	Un nouveau métier ou intitulé est requis.	Se requiere un nuevo oficio o puesto.
No billing customer registered.	Aucun client de facturation enregistré.	No hay cliente de facturación registrado.
No uninvoiced approved sheets in this period.	Aucune feuille approuvée non facturée sur cette période.	No hay hojas aprobadas sin facturar en este período.
Offer terms, your signature and consent are required.	Les conditions de l’offre, votre signature et votre consentement sont requis.	Se requieren condiciones de la oferta, firma y consentimiento.
Only PDF, JPEG and PNG documents are accepted.	Seuls les documents PDF, JPEG et PNG sont acceptés.	Solo se aceptan documentos PDF, JPEG y PNG.
Only closed months can be frozen.	Seuls les mois clôturés peuvent être figés.	Solo se pueden cerrar meses finalizados.
Password changed.	Mot de passe modifié.	Contraseña modificada.
Payroll can upload payroll forms and receipts only.	La paie peut déposer uniquement les formulaires de paie et les reçus.	Nóminas solo puede cargar formularios de nómina y recibos.
Pick both a person and a hotel.	Choisissez une personne et un hôtel.	Seleccione una persona y un hotel.
Placement unavailable.	Mission indisponible.	Asignación no disponible.
Please wait before submitting again.	Veuillez patienter avant de soumettre à nouveau.	Espere antes de volver a enviar.
Preview a file first.	Affichez d’abord l’aperçu d’un fichier.	Previsualice primero un archivo.
Project and client names are required.	Les noms du projet et du client sont requis.	Se requieren los nombres del proyecto y del cliente.
Provide a reason and an effective date no later than today. Scheduled changes are not enabled.	Indiquez un motif et une date d’effet au plus tard aujourd’hui. Les changements futurs ne sont pas activés.	Indique motivo y fecha efectiva no posterior a hoy. Los cambios futuros no están habilitados.
Response too long.	Réponse trop longue.	Respuesta demasiado larga.
Return equipment and vehicles before transferring.	Restituez les équipements et véhicules avant le transfert.	Devuelva equipos y vehículos antes del traslado.
Return outstanding equipment before completing the assignment.	Restituez les équipements en attente avant de clôturer la mission.	Devuelva los equipos pendientes antes de finalizar la asignación.
Route unavailable, pickup stop missing, or vehicle full.	Trajet indisponible, point de prise en charge manquant ou véhicule complet.	Ruta no disponible, parada de recogida ausente o vehículo completo.
Run added.	Trajet ajouté.	Trayecto añadido.
Saved.	Enregistré.	Guardado.
Secure document storage is not configured or account is not a worker.	Le stockage sécurisé n’est pas configuré ou le compte n’est pas celui d’un salarié.	El almacenamiento seguro no está configurado o la cuenta no pertenece a un trabajador.
Select a placement in this project.	Choisissez une mission dans ce projet.	Seleccione una asignación de este proyecto.
Select a project and enter valid requisition details.	Choisissez un projet et saisissez une demande de personnel valide.	Seleccione un proyecto e introduzca una solicitud de personal válida.
Select a valid equipment owner.	Choisissez un propriétaire d’équipement valide.	Seleccione un propietario del equipo válido.
Select an existing candidate.	Choisissez un candidat existant.	Seleccione un candidato existente.
Select another open project.	Choisissez un autre projet ouvert.	Seleccione otro proyecto abierto.
Somebody already uses that email.	Cette adresse email est déjà utilisée.	Este correo ya está en uso.
Status updated.	Statut mis à jour.	Estado actualizado.
That candidate no longer exists.	Ce candidat n’existe plus.	Este candidato ya no existe.
That is not your current password.	Ce n’est pas votre mot de passe actuel.	Esta no es su contraseña actual.
That is the last person who can see everything. Promote somebody else first.	C’est la dernière personne ayant tous les accès. Attribuez d’abord ces droits à une autre personne.	Es la última persona con acceso completo. Otorgue esos permisos a otra persona primero.
That placement no longer exists.	Cette mission n’existe plus.	Esta asignación ya no existe.
The candidate already has a personal account.	Le candidat possède déjà un compte personnel.	El candidato ya tiene una cuenta personal.
The candidate must accept their offer in their private portal.	Le candidat doit accepter son offre dans son portail privé.	El candidato debe aceptar la oferta en su portal privado.
The two new passwords do not match.	Les deux nouveaux mots de passe ne correspondent pas.	Las dos contraseñas nuevas no coinciden.
There is no active job to place them on.	Aucun projet actif ne permet cette affectation.	No hay proyecto activo para esta asignación.
This exact file was already imported.	Ce fichier a déjà été importé.	Este archivo ya fue importado.
Unknown stage.	Étape inconnue.	Etapa desconocida.
Use an HTTPS resource URL.	Utilisez une adresse de ressource HTTPS.	Utilice una URL de recurso HTTPS.
Use at least 10 characters. Length beats cleverness.	Utilisez au moins 10 caractères. Privilégiez un mot de passe long.	Utilice al menos 10 caracteres. Priorice una contraseña larga.
Use at least 12 characters.	Utilisez au moins 12 caractères.	Utilice al menos 12 caracteres.
Use the Google account matching your existing RSS account.	Utilisez le compte Google correspondant à votre compte existant sur la plateforme.	Utilice la cuenta de Google que corresponde a su cuenta existente en la plataforma.
Use the billing portal to manage the existing subscription.	Utilisez le portail de facturation pour gérer l’abonnement existant.	Utilice el portal de facturación para gestionar la suscripción existente.
Vacancy unavailable.	Poste indisponible.	Vacante no disponible.
Valid assignment, positive amount and your own receipt are required.	Une mission valide, un montant positif et votre propre reçu sont requis.	Se requieren asignación válida, importe positivo y recibo propio.
Valid contact details and consent are required.	Des coordonnées valides et le consentement sont requis.	Se requieren datos de contacto válidos y consentimiento.
Valid project and dates required.	Un projet et des dates valides sont requis.	Se requieren proyecto y fechas válidos.
Valid vendor invoice details required.	Les informations de facture fournisseur doivent être valides.	Los datos de la factura del proveedor deben ser válidos.
Valid working date, assignment and 0–24 hours required.	Une date de travail, une mission valide et entre 0 et 24 heures sont requis.	Se requieren fecha laboral, asignación válida y entre 0 y 24 horas.
Vehicle unavailable or assignment invalid.	Véhicule indisponible ou affectation invalide.	Vehículo no disponible o asignación inválida.
Wave is unavailable or full.	Vague de déploiement indisponible ou complète.	Grupo de despliegue no disponible o completo.
Worker already has an active assignment on the target project.	Le salarié a déjà une mission active dans le projet cible.	El trabajador ya tiene una asignación activa en el proyecto de destino.
Worker identity cannot be converted to a staff account.	Un compte salarié ne peut pas être converti en compte du personnel administratif.	Una cuenta de trabajador no puede convertirse en cuenta administrativa.
Worker portal, authorization text and valid screening details are required.	Un portail salarié, un texte d’autorisation et des informations de contrôle valides sont requis.	Se requieren portal del trabajador, texto de autorización y datos de control válidos.
You cannot switch off your own account.	Vous ne pouvez pas désactiver votre propre compte.	No puede desactivar su propia cuenta.
Client portal	Portail client	Portal del cliente
Client access	Accès clients	Acceso de clientes
Client requests	Demandes clients	Solicitudes de clientes
Client accounts see only authorized projects and business reports. Employee documents and payroll remain private.	Les comptes clients voient uniquement les projets autorisés et les rapports commerciaux. Les documents employés et la paie restent privés.	Las cuentas de clientes solo ven proyectos autorizados e informes comerciales. Los documentos de empleados y nóminas son privados.
Create client account	Créer un compte client	Crear cuenta de cliente
Grant client access	Autoriser l’accès client	Autorizar acceso de cliente
Grant access	Autoriser l’accès	Autorizar acceso
Revoke access	Révoquer l’accès	Revocar acceso
Select a valid client.	Choisissez un client valide.	Seleccione un cliente válido.
Enter a name and an unused valid email.	Saisissez un nom et une adresse email valide non utilisée.	Introduzca un nombre y un correo válido sin utilizar.
Select a client portal account.	Choisissez un compte du portail client.	Seleccione una cuenta del portal del cliente.
Temporary client password: :password. Share privately; a change is required at first sign-in.	Mot de passe client temporaire : :password. Transmettez-le en privé ; il devra être modifié à la première connexion.	Contraseña temporal del cliente: :password. Compártala en privado; deberá cambiarse al iniciar sesión.
Client portal account required.	Un compte portail client est requis.	Se requiere una cuenta del portal del cliente.
Project unavailable.	Projet indisponible.	Proyecto no disponible.
Choose a valid decision and explain any disputed attendance.	Choisissez une décision valide et expliquez toute présence contestée.	Seleccione una decisión válida y explique cualquier asistencia disputada.
Attendance record unavailable.	Relevé de présence indisponible.	Registro de asistencia no disponible.
CLIENT WORKSPACE	ESPACE CLIENT	ESPACIO DEL CLIENTE
Your project workforce	Les effectifs de vos projets	El personal de sus proyectos
Review deployed teams, approved attendance and issued invoices.	Consultez les équipes déployées, les présences approuvées et les factures émises.	Revise equipos desplegados, asistencia aprobada y facturas emitidas.
No authorized projects. Contact your agency administrator.	Aucun projet autorisé. Contactez l’administrateur de votre agence.	No hay proyectos autorizados. Contacte al administrador de su agencia.
Approved attendance records	Relevés de présence approuvés	Registros de asistencia aprobados
Issued invoices	Factures émises	Facturas emitidas
Approved attendance	Présences approuvées	Asistencia aprobada
Export attendance	Exporter les présences	Exportar asistencia
Client review	Validation client	Revisión del cliente
Latest 300 records. Client confirmation does not alter payroll approval or wages.	Les 300 relevés les plus récents. La confirmation client ne modifie ni l’approbation de paie ni les salaires.	Los 300 registros más recientes. La confirmación del cliente no modifica la aprobación de nóminas ni los salarios.
Awaiting review	En attente de validation	Pendiente de revisión
confirmed	Confirmé	Confirmado
disputed	Contesté	Disputado
Review note	Note de validation	Nota de revisión
Save review	Enregistrer la validation	Guardar revisión
Record email, phone or meeting instructions. Client login is optional; approved requests become projects.	Enregistrez les instructions reçues par email, téléphone ou réunion. La connexion client est facultative ; les demandes approuvées deviennent des projets.	Registre instrucciones recibidas por correo, teléfono o reunión. El acceso del cliente es opcional; las solicitudes aprobadas se convierten en proyectos.
Record a client request	Enregistrer une demande client	Registrar una solicitud del cliente
Request title	Intitulé de la demande	Título de la solicitud
Workers requested	Effectif demandé	Personal solicitado
Source reference	Référence du message	Referencia del mensaje
Client contact	Contact client	Contacto del cliente
Requirements and client instructions	Exigences et instructions du client	Requisitos e instrucciones del cliente
Save request	Enregistrer la demande	Guardar solicitud
Update instructions / decision note	Instructions complémentaires / motif de décision	Instrucciones adicionales / nota de decisión
Update request	Mettre à jour la demande	Actualizar solicitud
Create project from request	Créer le projet depuis la demande	Crear proyecto desde la solicitud
Configure project terms, then create its application QR in Requisitions.	Configurez les conditions du projet, puis créez son QR de candidature dans les demandes de personnel.	Configure las condiciones del proyecto y cree el QR de solicitud en Solicitudes de personal.
Request history	Historique de la demande	Historial de la solicitud
Enter valid client request details.	Saisissez une demande client valide.	Introduzca una solicitud de cliente válida.
Client request unavailable.	Demande client indisponible.	Solicitud del cliente no disponible.
Approve the request before creating its project; split requests above 65,535 workers.	Approuvez la demande avant de créer le projet ; répartissez les demandes de plus de 65 535 salariés.	Apruebe la solicitud antes de crear el proyecto; divida solicitudes de más de 65 535 trabajadores.
Enter a request update and valid status.	Saisissez une mise à jour et un statut valide.	Introduzca una actualización y un estado válido.
email	Email	Correo
phone	Téléphone	Teléfono
meeting	Réunion	Reunión
other	Autre	Otro
reviewing	En cours d’examen	En revisión
converted	Projet créé	Proyecto creado
created	Créé	Creado
:name is already on this job.	:name est déjà affecté à ce projet.	:name ya está asignado a este proyecto.
:name added to the roster. They now need a bed and a flight.	:name ajouté aux effectifs. Il faut maintenant prévoir son hébergement et son voyage.	:name añadido al personal. Ahora necesita alojamiento y viaje.
Call logged for :name.	Appel enregistré pour :name.	Llamada registrada para :name.
:name moved to :stage.	:name est passé à l’étape :stage.	:name pasó a la etapa :stage.
:name added.	:name ajouté.	:name añadido.
Room :room already has :name during these dates. Choose another room.	La chambre :room est déjà occupée par :name sur ces dates. Choisissez une autre chambre.	La habitación :room ya está ocupada por :name en esas fechas. Seleccione otra habitación.
:name booked into :hotel, room :room.	:name réservé à :hotel, chambre :room.	:name con reserva en :hotel, habitación :room.
:name booked into :hotel.	:name réservé à :hotel.	:name con reserva en :hotel.
:count timesheets saved for week ending :date.	:count feuilles enregistrées pour la semaine se terminant le :date.	:count hojas guardadas para la semana que termina el :date.
Week ending :date approved.	Semaine se terminant le :date approuvée.	Semana que termina el :date aprobada.
:name added. Their temporary password is: :password	:name ajouté. Son mot de passe temporaire est : :password	:name añadido. Su contraseña temporal es: :password
New temporary password for :name: :password	Nouveau mot de passe temporaire pour :name : :password	Nueva contraseña temporal de :name: :password
Travel saved for :name.	Voyage enregistré pour :name.	Viaje guardado para :name.
Stage recorded. Invitation needs attention: :message	Étape enregistrée. Invitation à vérifier : :message	Etapa registrada. Revise la invitación: :message
:count rooms booked	:count chambres réservées	:count habitaciones reservadas
:count without a bed	:count sans hébergement	:count sin alojamiento
:count sharing a room	:count partagent une chambre	:count comparten habitación
That email and password do not match an account.	L’adresse email et le mot de passe ne correspondent à aucun compte.	El correo y la contraseña no corresponden a ninguna cuenta.
Candidate needs a valid email.	Le candidat doit avoir une adresse email valide.	El candidato necesita un correo válido.
An account already uses this email. Review candidate identity before activation.	Un compte utilise déjà cette adresse. Vérifiez l’identité du candidat avant l’activation.	Una cuenta ya utiliza este correo. Revise la identidad del candidato antes de activarlo.
Invoice unavailable.	Facture indisponible.	Factura no disponible.
Choose a reporting period of no more than 366 days.	Choisissez une période de rapport de 366 jours maximum.	Seleccione un período de informe de hasta 366 días.
Print invoice	Imprimer la facture	Imprimir factura
Strike is live. Weekly guarantee: :hours hours.	Grève active. Garantie hebdomadaire : :hours heures.	Huelga activa. Garantía semanal: :hours horas.
Strike stood down. Weekly guarantee: :hours hours.	Grève terminée. Garantie hebdomadaire : :hours heures.	Huelga finalizada. Garantía semanal: :hours horas.
Invoice	Facture	Factura
Client rate	Tarif client	Tarifa del cliente
Trade	Métier	Oficio
To	Au	Hasta
Reference	Référence	Referencia
Period	Période	Período
Create account	Créer le compte	Crear cuenta
Source	Origine	Origen
End date	Date de fin	Fecha final
Previous page	Page précédente	Página anterior
Next page	Page suivante	Página siguiente
:count records · page :page	:count relevés · page :page	:count registros · página :page
Client confirmation does not alter payroll approval or wages.	La confirmation client ne modifie ni l’approbation de paie ni les salaires.	La confirmación del cliente no modifica la aprobación de nóminas ni los salarios.
Reports	Rapports	Informes
new	Nouveau	Nuevo
approved	Approuvé	Aprobado
declined	Refusé	Rechazado
on_site	Sur site	En sitio
issued	Émise	Emitida
paid	Payé	Pagado
submitted	Soumis	Enviado
rejected	Refusé	Rechazado
offered	Offre émise	Oferta emitida
completed	Terminé	Completado
travelling	En déplacement	En viaje
screening	Contrôles	Controles
interview	Entretien	Entrevista
accepted	Accepté	Aceptado
withdrawn	Retiré	Retirado
pending	En attente	Pendiente
passed	Validé	Superado
failed	Échec	Fallido
Deployment logistics	Logistique du déploiement	Logística del despliegue
Rooms reserved	Chambres réservées	Habitaciones reservadas
Flights booked	Vols réservés	Vuelos reservados
Vehicles out	Véhicules remis	Vehículos entregados
Equipment outstanding	Matériel non restitué	Equipo pendiente de devolución
Client-owned equipment	Matériel appartenant au client	Equipo propiedad del cliente
Asset tag	Identifiant du matériel	Identificador del equipo
Serial number	Numéro de série	Número de serie
Returned	Restitué	Devuelto
Equipment	Équipement	Equipo
Pending	En attente	Pendiente
Invalid or expired authentication code.	Code d’authentification invalide ou expiré.	Código de autenticación inválido o caducado.
Two-step verification enabled.	Authentification à deux étapes activée.	Verificación en dos pasos activada.
Two-step verification disabled.	Authentification à deux étapes désactivée.	Verificación en dos pasos desactivada.
Other sessions revoked.	Les autres sessions ont été révoquées.	Se han revocado las otras sesiones.
Choose an existing project and service template.	Choisissez un projet existant et un modèle de service.	Seleccione un proyecto existente y una plantilla de servicio.
Service template applied. Review project instructions and requirements before recruitment.	Modèle appliqué. Vérifiez les instructions et exigences du projet avant de recruter.	Plantilla aplicada. Revise las instrucciones y requisitos del proyecto antes de reclutar.
Invalid weekly payroll policy.	Règle de paie hebdomadaire invalide.	Regla de nómina semanal inválida.
Approved attendance imported. Review per diem and expenses before approving payroll.	Présences approuvées importées. Vérifiez les indemnités et frais avant d’approuver la paie.	Asistencia aprobada importada. Revise dietas y gastos antes de aprobar la nómina.
Set the employee salary basis before approving payroll.	Configurez le salaire de base de l’employé avant d’approuver la paie.	Configure el salario base del empleado antes de aprobar la nómina.
Cross-project workweek requires payroll provider reconciliation before approval.	Une semaine travaillée sur plusieurs projets nécessite un rapprochement avec le prestataire de paie avant approbation.	Una semana trabajada en varios proyectos requiere conciliación con el proveedor de nómina antes de aprobarla.
Salaried overtime requires payroll provider reconciliation.	Les heures supplémentaires d’un salarié nécessitent un rapprochement avec le prestataire de paie.	Las horas extras de un empleado asalariado requieren conciliación con el proveedor de nómina.
Message accepted by Gmail.	Message accepté par Gmail.	Mensaje aceptado por Gmail.
Sign in / connect with Google	Se connecter avec Google	Iniciar sesión con Google
Recover account	Récupérer le compte	Recuperar cuenta
Two-step verification	Authentification à deux étapes	Verificación en dos pasos
Authenticator code	Code de l’application d’authentification	Código del autenticador
Verify	Vérifier	Verificar
Back to sign in	Retour à la connexion	Volver a iniciar sesión
Configure the ADP overtime earnings code before export.	Configurez le code ADP des heures supplémentaires avant l’export.	Configure el código ADP de horas extras antes de exportar.
Candidate unavailable.	Candidat indisponible.	Candidato no disponible.
Enter a valid qualification name.	Saisissez un nom de qualification valide.	Introduzca un nombre de cualificación válido.
Choose an existing project and qualification.	Choisissez un projet et une qualification existants.	Seleccione un proyecto y una cualificación existentes.
Valid qualification dates and evidence reference required.	Des dates valides et une référence de justificatif sont requises.	Se requieren fechas válidas y una referencia del justificante.
A review decision and evidence note are required.	Une décision et une note de vérification sont requises.	Se requieren una decisión y una nota de verificación.
An expired or incomplete qualification cannot be verified.	Une qualification expirée ou incomplète ne peut pas être validée.	No se puede validar una cualificación caducada o incompleta.
Recovery link expired or password invalid.	Lien de récupération expiré ou mot de passe invalide.	Enlace de recuperación caducado o contraseña inválida.
Password reset. Sign in with your new password.	Mot de passe réinitialisé. Connectez-vous avec votre nouveau mot de passe.	Contraseña restablecida. Inicie sesión con su nueva contraseña.
If this account exists, a recovery message has been queued.	Si ce compte existe, un message de récupération a été mis en attente d’envoi.	Si esta cuenta existe, se ha puesto un mensaje de recuperación en la cola de envío.
Continue	Continuer	Continuar
Complete required screening questions before offering this job.	Complétez les questions obligatoires avant de proposer ce poste.	Complete las preguntas obligatorias antes de ofrecer este puesto.
Current verified project qualifications are required before deployment.	Les qualifications du projet doivent être valides et vérifiées avant le déploiement.	Las cualificaciones del proyecto deben estar vigentes y verificadas antes del despliegue.
Enter a screening question for the selected project.	Saisissez une question de présélection pour le projet choisi.	Introduzca una pregunta de selección para el proyecto seleccionado.
Screening answer is too long.	La réponse est trop longue.	La respuesta es demasiado larga.
Valid contact details and outcome required.	Des informations de contact et un résultat valides sont requis.	Se requieren datos de contacto y un resultado válidos.
Search employee folders	Rechercher des dossiers employés	Buscar expedientes de empleados
Account security	Sécurité du compte	Seguridad de la cuenta
Protect your account with an authenticator and manage active sessions.	Protégez votre compte avec une application d’authentification et gérez les sessions actives.	Proteja su cuenta con un autenticador y gestione las sesiones activas.
Configure a 32-byte encryption key.	Configurez une clé de chiffrement de 32 octets.	Configure una clave de cifrado de 32 bytes.
Disable	Désactiver	Desactivar
Add this setup key to your authenticator, then verify the six-digit code.	Ajoutez cette clé à votre application d’authentification, puis vérifiez le code à six chiffres.	Añada esta clave al autenticador y verifique el código de seis dígitos.
Enable	Activer	Activar
Set up authenticator	Configurer l’authentification	Configurar autenticador
Active sessions	Sessions actives	Sesiones activas
Sign out other sessions	Fermer les autres sessions	Cerrar las otras sesiones
Agency configuration	Configuration de l’agence	Configuración de la agencia
Each subscriber configures its own services, teams, requirements and client projects.	Chaque abonné configure ses services, équipes, exigences et projets clients.	Cada suscriptor configura sus servicios, equipos, requisitos y proyectos de clientes.
Adds screening questions, onboarding tasks and relevant qualification requirements to the selected project.	Ajoute des questions, des tâches d’intégration et des qualifications au projet choisi.	Añade preguntas, tareas de incorporación y cualificaciones al proyecto seleccionado.
Apply qualification requirements to this trade only	Appliquer les qualifications uniquement à ce métier	Aplicar las cualificaciones solo a este oficio
Leave blank for all project workers	Laisser vide pour tous les travailleurs du projet	Dejar vacío para todos los trabajadores del proyecto
Review all requirements and approved instructions before use. These templates are starting points, not regulatory certification.	Vérifiez les exigences et instructions avant utilisation. Ces modèles constituent un point de départ et ne certifient pas la conformité réglementaire.	Revise los requisitos e instrucciones antes de utilizarlos. Estas plantillas son un punto de partida y no certifican el cumplimiento normativo.
Apply to selected project	Appliquer au projet choisi	Aplicar al proyecto seleccionado
Qualifications & expiry	Qualifications et échéances	Cualificaciones y vencimientos
Hampton Inn	Hampton Inn	Hampton Inn
Import approved attendance	Importer les présences approuvées	Importar asistencia aprobada
Approved weeks remain frozen. Per diem and expenses require separate review.	Les semaines approuvées restent figées. Les indemnités et frais nécessitent une vérification séparée.	Las semanas aprobadas permanecen bloqueadas. Las dietas y gastos requieren una revisión separada.
Gross payroll policy	Règles de paie brute	Reglas de nómina bruta
Configure reviewed weekly overtime rules. Taxes, daily overtime and deductions remain with the payroll provider.	Configurez les règles validées d’heures supplémentaires hebdomadaires. Les taxes, heures supplémentaires quotidiennes et retenues restent gérées par le prestataire de paie.	Configure las reglas revisadas de horas extras semanales. Los impuestos, horas extras diarias y deducciones siguen a cargo del proveedor de nómina.
Weekly overtime after hours	Seuil hebdomadaire d’heures supplémentaires	Umbral semanal de horas extras
Overtime multiplier	Coefficient des heures supplémentaires	Multiplicador de horas extras
Save policy	Enregistrer les règles	Guardar reglas
Your connected mailbox stays private to your account. Read and send messages here; reconnect Google to grant sending permission.	Votre boîte connectée reste privée. Lisez et envoyez vos messages ici ; reconnectez Google pour autoriser l’envoi.	Su buzón conectado permanece privado. Lea y envíe mensajes aquí; vuelva a conectar Google para autorizar el envío.
Compose email	Rédiger un email	Redactar correo
Subject	Objet	Asunto
Send email	Envoyer l’email	Enviar correo
Reconnect Google for sending permission	Reconnecter Google pour autoriser l’envoi	Volver a conectar Google para autorizar el envío
Configure evidence requirements by project. Expired or unverified qualifications block deployment; this does not replace regulatory verification.	Configurez les justificatifs par projet. Les qualifications expirées ou non vérifiées bloquent le déploiement ; cela ne remplace pas la vérification réglementaire.	Configure los justificantes por proyecto. Las cualificaciones caducadas o sin verificar bloquean el despliegue; esto no sustituye la verificación normativa.
Project requirements	Exigences du projet	Requisitos del proyecto
Qualification	Qualification	Cualificación
Required class or endorsement	Classe ou mention requise	Clase o habilitación requerida
Qualification catalogue	Catalogue des qualifications	Catálogo de cualificaciones
Expiry required	Échéance obligatoire	Vencimiento obligatorio
Expires within 30 days or already expired	Expire sous 30 jours ou déjà expiré	Vence en 30 días o ya ha vencido
Submit qualification evidence	Soumettre un justificatif de qualification	Presentar justificante de cualificación
Upload private evidence in Document proofs and reference its document ID here. Do not enter a full licence or identity number.	Déposez le justificatif privé dans Documents et indiquez sa référence ici. Ne saisissez pas de numéro complet de permis ou d’identité.	Suba el justificante privado en Documentos e indique aquí su referencia. No introduzca un número completo de licencia o identidad.
Class or endorsement	Classe ou mention	Clase o habilitación
Issued on	Date de délivrance	Fecha de expedición
Expires on	Date d’expiration	Fecha de vencimiento
Evidence reference	Référence du justificatif	Referencia del justificante
Verified	Vérifié	Verificado
History	Historique	Historial
Screening questionnaire & contacts	Questionnaire et contacts de recrutement	Cuestionario y contactos de selección
Project screening questions	Questions de présélection du projet	Preguntas de selección del proyecto
Question	Question	Pregunta
Required before offer	Obligatoire avant l’offre	Obligatorio antes de la oferta
Add question	Ajouter une question	Añadir pregunta
Save answers	Enregistrer les réponses	Guardar respuestas
Record call or interview	Enregistrer un appel ou entretien	Registrar llamada o entrevista
Outcome	Résultat	Resultado
Follow-up at	Prochain suivi	Próximo seguimiento
Save contact	Enregistrer le contact	Guardar contacto
Contact history	Historique des contacts	Historial de contactos
ADP overtime earnings code	Code ADP des heures supplémentaires	Código ADP de horas extras
Estimate only. Subscription billing requires configured Stripe credentials and validated tenant settings.	Estimation uniquement. La facturation nécessite Stripe configuré et les paramètres de l’entreprise validés.	Solo estimación. La facturación requiere Stripe configurado y los ajustes de la empresa validados.
Save your recovery codes now	Enregistrez vos codes de secours maintenant	Guarde sus códigos de recuperación ahora
Each code works once. These codes are displayed only once; keep them somewhere private.	Chaque code ne fonctionne qu’une fois. Ils ne sont affichés qu’une fois ; conservez-les dans un endroit privé.	Cada código funciona una sola vez. Solo se muestran una vez; guárdelos en un lugar privado.
Warehouse staffing	Personnel d’entrepôt	Personal de almacén
Production & manufacturing	Production et fabrication	Producción y fabricación
Skilled trades	Métiers spécialisés	Oficios especializados
Driver staffing	Personnel de conduite	Personal de conducción
Strike replacement	Remplacement pendant les grèves	Sustitución durante huelgas
Site security staffing	Personnel de sécurité de site	Personal de seguridad del sitio
Valid recipient, subject and message required.	Un destinataire, un objet et un message valides sont requis.	Se requieren destinatario, asunto y mensaje válidos.
Email sending limit reached. Try again later.	Limite d’envoi atteinte. Réessayez plus tard.	Límite de envío alcanzado. Inténtelo más tarde.
Use an authenticator code or a saved recovery code.	Utilisez un code d’authentification ou un code de secours enregistré.	Use un código de autenticación o un código de recuperación guardado.
Secure document storage is not configured.	Le stockage sécurisé des documents n’est pas configuré.	El almacenamiento seguro de documentos no está configurado.
Choose a PDF or DOCX resume up to 5 MB.	Choisissez un CV PDF ou DOCX de 5 Mo maximum.	Seleccione un CV PDF o DOCX de hasta 5 MB.
Invalid resume format.	Format de CV invalide.	Formato de CV inválido.
Join our talent pool	Rejoindre notre vivier de candidats	Unirse a nuestra base de candidatos
Apply for future opportunities without choosing a current requisition.	Postulez pour de futures opportunités sans choisir une réquisition actuelle.	Postúlese para futuras oportunidades sin elegir una requisición actual.
Resume · PDF or DOCX, maximum 5 MB	CV · PDF ou DOCX, 5 Mo maximum	CV · PDF o DOCX, máximo 5 MB
I authorize the hiring agency to review my application and contact me about opportunities.	J’autorise l’agence à examiner ma candidature et à me contacter pour des opportunités.	Autorizo a la agencia a revisar mi candidatura y contactarme sobre oportunidades.
Candidate resumes	CV des candidats	CV de candidatos
Valid offboarding title and instructions required.	Un titre et des instructions de sortie valides sont requis.	Se requieren un título e instrucciones de salida válidos.
Valid assignment and offboarding response required.	Une affectation et une réponse de sortie valides sont requises.	Se requieren una asignación y una respuesta de salida válidas.
Invalid review decision.	Décision de vérification invalide.	Decisión de revisión inválida.
Track handover and return tasks before closing an assignment. Earned wages remain separate from operational closure.	Suivez la passation et les restitutions avant de clôturer la mission. Le salaire acquis reste indépendant de la clôture opérationnelle.	Controle la entrega y las devoluciones antes de cerrar la misión. El salario devengado permanece separado del cierre operativo.
Project exit checklist	Checklist de sortie du projet	Lista de salida del proyecto
Safety plan text is too long.	Le texte du plan de sécurité est trop long.	El texto del plan de seguridad es demasiado largo.
Choose a project first.	Choisissez d’abord un projet.	Seleccione primero un proyecto.
Site safety plan	Plan de sécurité du site	Plan de seguridad del sitio
Save safety plan	Enregistrer le plan de sécurité	Guardar plan de seguridad
Site access instructions	Instructions d’accès au site	Instrucciones de acceso al sitio
Emergency contacts	Contacts d’urgence	Contactos de emergencia
Incident escalation procedure	Procédure d’escalade des incidents	Procedimiento de escalado de incidentes
Security posts and handover instructions	Postes de sécurité et instructions de passation	Puestos de seguridad e instrucciones de relevo
Complete approved offboarding tasks before closing the assignment.	Faites approuver les tâches de sortie avant de clôturer la mission.	Complete y apruebe las tareas de salida antes de cerrar la misión.
An unresolved checkout needs billing reconciliation before changing seats or starting another attempt.	Un paiement non résolu nécessite un rapprochement avant de modifier les places ou de réessayer.	Un pago sin resolver requiere conciliación antes de cambiar plazas o iniciar otro intento.
Offboarding	Sortie de mission	Salida de misión
Instructions	Instructions	Instrucciones
Pagination	Pagination	Paginación
Page :page	Page :page	Página :page
Password is too long.	Le mot de passe est trop long.	La contraseña es demasiado larga.
This screen requires additional permissions. Ask your company administrator to review your access.	Cet écran nécessite des droits supplémentaires. Demandez à votre administrateur de vérifier vos accès.	Esta pantalla requiere permisos adicionales. Solicite a su administrador que revise su acceso.
Project guarantee: :normal hours; active strike guarantee: :strike hours. Review the contractual terms before changing this setting.	Garantie du projet : :normal heures ; garantie pendant la grève : :strike heures. Vérifiez les conditions contractuelles avant de modifier ce réglage.	Garantía del proyecto: :normal horas; garantía durante la huelga: :strike horas. Revise las condiciones contractuales antes de cambiar este ajuste.
Estimated monthly software fee:	Coût mensuel estimé du logiciel :	Coste mensual estimado del software:
Approved onboarding instructions are required.	Des instructions d’intégration approuvées sont requises.	Se requieren instrucciones de incorporación aprobadas.
Requirement unavailable.	Exigence indisponible.	Requisito no disponible.
Instructions updated. Active assignments require a new review.	Instructions mises à jour. Les missions actives nécessitent une nouvelle vérification.	Instrucciones actualizadas. Las misiones activas requieren una nueva revisión.
Configure project instructions	Configurer les instructions du projet	Configurar instrucciones del proyecto
Approved instructions	Instructions approuvées	Instrucciones aprobadas
Save instructions	Enregistrer les instructions	Guardar instrucciones
Replace template instructions with approved project instructions before deployment.	Remplacez les instructions du modèle par des instructions approuvées avant le déploiement.	Sustituya las instrucciones de la plantilla por instrucciones aprobadas antes del despliegue.
Welcome, :name	Bienvenue, :name	Bienvenido, :name
:project · :status · :date	:project · :status · :date	:project · :status · :date
:hotel · room :room · :start to :end	:hotel · chambre :room · du :start au :end	:hotel · habitación :room · del :start al :end
:project · :trade · :shift · supervisor :name	:project · :trade · :shift · superviseur :name	:project · :trade · :shift · supervisor :name
:date :time · :stop · driver :name	:date :time · :stop · chauffeur :name	:date :time · :stop · conductor :name
Required	Obligatoire	Obligatorio
CSV and XLSX · preview and map identity, employee category, payment method, ADP ID, assignment dates, shift and rates. Unknown columns stay encrypted for review. Hotel, vehicle and historical finance records require separate reconciliation.	CSV et XLSX · aperçu et mapping de l’identité, catégorie, paiement, identifiant ADP, dates, shift et taux. Les colonnes inconnues restent chiffrées pour vérification. Les historiques hôtels, véhicules et finances nécessitent un rapprochement séparé.	CSV y XLSX · vista previa y mapeo de identidad, categoría, pago, ID ADP, fechas, turno y tarifas. Las columnas desconocidas permanecen cifradas para revisión. Los históricos de hoteles, vehículos y finanzas requieren conciliación separada.
Employee number	Numéro d’employé	Número de empleado
Contract unavailable.	Contrat indisponible.	Contrato no disponible.
Contract updated.	Contrat mis à jour.	Contrato actualizado.
Review and sign the current contract in Contracts & signatures.	Consultez et signez le contrat actuel dans Contrats et signatures.	Revise y firme el contrato actual en Contratos y firmas.
Required documents must be approved before offer acceptance.	Les pièces requises doivent être approuvées avant l’acceptation de l’offre.	Los documentos requeridos deben aprobarse antes de aceptar la oferta.
Use the contract workflow after required document verification.	Utilisez le parcours contrat après vérification des pièces requises.	Utilice el flujo de contratos tras verificar los documentos requeridos.
A signed current contract is required before deployment.	Un contrat actuel signé est requis avant le déploiement.	Se requiere un contrato vigente firmado antes del despliegue.
Contracts & signatures	Contrats et signatures	Contratos y firmas
Verified documents, approved contract revisions, signature and private archive.	Pièces vérifiées, versions approuvées du contrat, signature et archivage privé.	Documentos verificados, versiones aprobadas del contrato, firma y archivo privado.
Project contract policy	Politique des contrats du projet	Política de contratos del proyecto
Signature method	Méthode de signature	Método de firma
Internal signature	Signature interne	Firma interna
Signed contract required before deployment	Contrat signé requis avant déploiement	Contrato firmado requerido antes del despliegue
Required document types before contract preparation (one per line)	Types de pièces requis avant préparation du contrat (un par ligne)	Tipos de documentos requeridos antes de preparar el contrato (uno por línea)
Use exact document types from proof uploads. Configure lawful requirements and deadlines; do not require I-9 before an offer by default.	Utilisez les types exacts des pièces téléversées. Configurez des exigences et délais appropriés ; ne rendez pas l’I-9 obligatoire avant une offre par défaut.	Use los tipos exactos de documentos cargados. Configure requisitos y plazos adecuados; no exija I-9 antes de una oferta por defecto.
Prepare contract draft	Préparer un brouillon de contrat	Preparar borrador de contrato
Contract title	Titre du contrat	Título del contrato
Contract terms	Conditions du contrat	Condiciones del contrato
Validity in days	Validité en jours	Validez en días
For DocuSign, attach the complete PDF to the draft and verify signature coordinates before approval.	Pour DocuSign, joignez le PDF complet au brouillon et vérifiez la position de signature avant approbation.	Para DocuSign, adjunte el PDF completo al borrador y verifique la posición de firma antes de aprobarlo.
Signature page	Page de signature	Página de firma
Prepare draft	Préparer le brouillon	Preparar borrador
Contract archive	Archives des contrats	Archivo de contratos
Expires	Expiration	Vence
Download	Télécharger	Descargar
Signed by :name on :date	Signé par :name le :date	Firmado por :name el :date
The internal signature record binds the displayed terms and attached original PDF hash. An uploaded PDF requires staff verification; it is not a provider certificate.	La signature interne lie les conditions affichées et l’empreinte du PDF original joint. Un PDF téléversé nécessite une vérification du bureau ; ce n’est pas un certificat de prestataire.	La firma interna vincula las condiciones mostradas y la huella del PDF original adjunto. Un PDF cargado requiere verificación del personal; no es un certificado del proveedor.
I have reviewed the terms and every attached original document, and intend to sign this contract electronically.	J’ai consulté les conditions et chaque document original joint, et souhaite signer ce contrat électroniquement.	He revisado las condiciones y cada documento original adjunto, y deseo firmar este contrato electrónicamente.
Sign contract	Signer le contrat	Firmar contrato
Upload signed PDF for staff verification	Téléverser le PDF signé pour vérification par le bureau	Cargar PDF firmado para verificación del personal
Submit signed PDF	Soumettre le PDF signé	Enviar PDF firmado
Review and sign with DocuSign	Consulter et signer avec DocuSign	Revisar y firmar con DocuSign
Reason for declining	Motif du refus	Motivo del rechazo
Decline contract	Refuser le contrat	Rechazar contrato
Attach original contract PDF	Joindre le PDF original du contrat	Adjuntar PDF original del contrato
Attach PDF	Joindre le PDF	Adjuntar PDF
Signature verification notes	Notes de vérification de la signature	Notas de verificación de firma
Approve uploaded signature	Approuver la signature téléversée	Aprobar firma cargada
Contract history	Historique du contrat	Historial del contrato
Approve contract	Approuver le contrat	Aprobar contrato
Issue contract	Émettre le contrat	Emitir contrato
Reconcile DocuSign	Rapprocher avec DocuSign	Conciliar con DocuSign
Void contract	Annuler le contrat	Anular contrato
viewed	consulté	consultado
uploaded_review	signature à vérifier	firma pendiente de revisión
original	original	original
certificate	certificat	certificado
uploaded_signed	PDF signé téléversé	PDF firmado cargado
Invalid signature method.	Méthode de signature invalide.	Método de firma no válido.
Document type too long.	Type de pièce trop long.	Tipo de documento demasiado largo.
Contract title and terms are required.	Le titre et les conditions du contrat sont requis.	Se requieren el título y las condiciones del contrato.
Application is not available for a new contract.	Cette candidature ne permet pas un nouveau contrat.	Esta candidatura no permite un contrato nuevo.
Approve required documents before preparing the contract.	Approuvez les pièces requises avant de préparer le contrat.	Apruebe los documentos requeridos antes de preparar el contrato.
Close the active contract before preparing a revision.	Clôturez le contrat actif avant de préparer une nouvelle version.	Cierre el contrato activo antes de preparar una nueva versión.
Contract cannot be signed in its current state.	Le contrat ne peut pas être signé dans son état actuel.	El contrato no se puede firmar en su estado actual.
Approve the contract and activate the candidate account first.	Approuvez le contrat et activez d’abord le compte du candidat.	Apruebe el contrato y active primero la cuenta del candidato.
Complete document and screening reviews before issuing the contract.	Terminez les vérifications des pièces et du screening avant d’émettre le contrat.	Complete la revisión de documentos y controles antes de emitir el contrato.
No pending provider contract.	Aucun contrat prestataire en attente.	No hay contrato pendiente del proveedor.
Provider dispatch requires manual reconciliation; do not resend.	L’envoi nécessite un rapprochement manuel avec le prestataire ; ne renvoyez pas le contrat.	El envío requiere conciliación manual con el proveedor; no reenvíe el contrato.
Provider signer does not match the candidate.	Le signataire du prestataire ne correspond pas au candidat.	El firmante del proveedor no coincide con el candidato.
Contract integrity check failed.	La vérification d’intégrité du contrat a échoué.	Falló la verificación de integridad del contrato.
A newer contract revision exists.	Une version plus récente du contrat existe.	Existe una versión más reciente del contrato.
Contract has expired.	Le contrat a expiré.	El contrato ha vencido.
Only draft attachments can be added.	Seules les pièces d’un brouillon peuvent être ajoutées.	Solo se pueden añadir adjuntos a un borrador.
A PDF up to 15 MB is required.	Un PDF de 15 Mo maximum est requis.	Se requiere un PDF de hasta 15 MB.
Only a draft can be approved.	Seul un brouillon peut être approuvé.	Solo se puede aprobar un borrador.
Read the current contract and provide your name and consent.	Consultez le contrat actuel, puis fournissez votre nom et votre consentement.	Revise el contrato actual e indique su nombre y consentimiento.
Use the provider signing flow for this contract.	Utilisez le parcours de signature du prestataire pour ce contrat.	Utilice el flujo de firma del proveedor para este contrato.
Review the uploaded signature and record verification notes.	Vérifiez la signature téléversée et consignez vos notes.	Revise la firma cargada y registre las notas de verificación.
Void the envelope with the provider and reconcile its status.	Annulez l’enveloppe chez le prestataire puis rapprochez son statut.	Anule el sobre en el proveedor y concilie su estado.
A signed contract cannot be changed.	Un contrat signé ne peut pas être modifié.	No se puede modificar un contrato firmado.
Invalid contract action.	Action de contrat invalide.	Acción de contrato no válida.
Offer already accepted.	Offre déjà acceptée.	Oferta ya aceptada.
Secure contract storage unavailable.	Stockage sécurisé des contrats indisponible.	Almacenamiento seguro de contratos no disponible.
Contract storage unavailable.	Stockage des contrats indisponible.	Almacenamiento de contratos no disponible.
DocuSign is disabled or not configured.	DocuSign est désactivé ou non configuré.	DocuSign está desactivado o sin configurar.
Invalid DocuSign API endpoint.	Adresse API DocuSign invalide.	Dirección API DocuSign no válida.
DocuSign request failed; reconcile before retrying.	La requête DocuSign a échoué ; rapprochez le statut avant de réessayer.	Falló la solicitud DocuSign; concilie el estado antes de reintentar.
Attach the contract PDF before DocuSign issuance.	Joignez le PDF du contrat avant l’émission DocuSign.	Adjunte el PDF del contrato antes de emitirlo en DocuSign.
Invalid envelope response.	Réponse d’enveloppe invalide.	Respuesta de sobre no válida.
HTTPS is required for DocuSign.	HTTPS est requis pour DocuSign.	Se requiere HTTPS para DocuSign.
Invalid signing URL.	Lien de signature invalide.	Enlace de firma no válido.
Download signature record	Télécharger le justificatif de signature	Descargar registro de firma
Contract update failed. Contact the administrator.	La mise à jour du contrat a échoué. Contactez l’administrateur.	Falló la actualización del contrato. Contacte al administrador.
Hourly employee	Salarié payé à l’heure	Empleado por horas
Salaried employee	Salarié au forfait	Empleado asalariado
Independent contractor	Travailleur indépendant	Contratista independiente
Employed by another company	Employé par une autre société	Empleado de otra empresa
Overtime applies (non-exempt)	Heures supplémentaires applicables (non exempté)	Aplican horas extra (no exento)
Exempt from overtime	Exempté des heures supplémentaires	Exento de horas extra
Not an employee of the agency	Pas un employé de l’agence	No es empleado de la agencia
Not yet determined	Pas encore déterminé	Aún no determinado
Choose a kind of employment from the list.	Choisissez un type d’emploi dans la liste.	Elija un tipo de empleo de la lista.
Choose an overtime status from the list.	Choisissez un statut d’heures supplémentaires dans la liste.	Elija un estado de horas extra de la lista.
A contractor or another company's employee is not classified for overtime by the agency.	Un indépendant ou l’employé d’une autre société n’est pas classé par l’agence pour les heures supplémentaires.	Un contratista o el empleado de otra empresa no es clasificado por la agencia para horas extra.
An employee of the agency needs an overtime status, even if it is not yet determined.	Un employé de l’agence a besoin d’un statut d’heures supplémentaires, même s’il n’est pas encore déterminé.	Un empleado de la agencia necesita un estado de horas extra, aunque aún no esté determinado.
Give the date the change takes effect.	Indiquez la date d’effet du changement.	Indique la fecha en que el cambio surte efecto.
A change cannot take effect in the future. Record it on the day it applies.	Un changement ne peut pas prendre effet dans le futur. Enregistrez-le le jour où il s’applique.	Un cambio no puede surtir efecto en el futuro. Regístrelo el día en que aplique.
Say why the classification changed.	Indiquez pourquoi la classification a changé.	Indique por qué cambió la clasificación.
The last change took effect on :date. A new one cannot take effect before it.	Le dernier changement a pris effet le :date. Un nouveau ne peut pas prendre effet avant.	El último cambio surtió efecto el :date. Uno nuevo no puede surtir efecto antes.
That is already the classification on record.	C’est déjà la classification enregistrée.	Esa ya es la clasificación registrada.
Classification recorded. Weeks already approved keep what they were calculated on.	Classification enregistrée. Les semaines déjà approuvées gardent la base de leur calcul.	Clasificación registrada. Las semanas ya aprobadas conservan la base de su cálculo.
Employment classification	Classification de l’emploi	Clasificación del empleo
Decides whether a week is paid by the hour or as a salary, and whether overtime applies. Each change keeps the date it took effect and why.	Détermine si une semaine est payée à l’heure ou au forfait, et si les heures supplémentaires s’appliquent. Chaque changement garde sa date d’effet et son motif.	Determina si una semana se paga por hora o como salario, y si aplican horas extra. Cada cambio guarda su fecha de efecto y su motivo.
Kind of employment	Type d’emploi	Tipo de empleo
Overtime status	Statut des heures supplémentaires	Estado de horas extra
Takes effect on	Prend effet le	Surte efecto el
Record the change	Enregistrer le changement	Registrar el cambio
No change recorded yet. The profile shows the classification held since the record was created.	Aucun changement enregistré. Le profil indique la classification détenue depuis la création de la fiche.	Ningún cambio registrado. El perfil muestra la clasificación mantenida desde que se creó el registro.
Before history was kept	Avant la tenue de l’historique	Antes de llevar el historial
Held before classification history was kept.	Détenue avant la tenue de l’historique des classifications.	Mantenida antes de llevar el historial de clasificaciones.
Where these terms come from	Origine de ces conditions	Origen de estas condiciones
Recorded when the assignment was made: requisition :req, line :line of the scope of work.	Enregistré à la création de l’affectation : réquisition :req, ligne :line du cahier des charges.	Registrado al crear la asignación: requisición :req, línea :line del alcance del trabajo.
Not recorded on the assignment. Inferred from the latest application on this project: line :line. Check it if the person applied for two trades.	Non enregistré sur l’affectation. Déduit de la dernière candidature sur ce projet : ligne :line. Vérifiez-le si la personne a postulé à deux métiers.	No registrado en la asignación. Deducido de la última solicitud en este proyecto: línea :line. Verifíquelo si la persona se postuló a dos oficios.
No requisition or line of the scope is linked to this assignment. Its rates were set on the assignment itself.	Aucune réquisition ni ligne du cahier des charges n’est liée à cette affectation. Ses taux ont été fixés sur l’affectation elle-même.	Ninguna requisición ni línea del alcance está vinculada a esta asignación. Sus tarifas se fijaron en la propia asignación.
Rate changes	Changements de taux	Cambios de tarifa
No change since the assignment was made. It is on the terms it started with.	Aucun changement depuis la création de l’affectation. Elle conserve ses conditions de départ.	Ningún cambio desde que se creó la asignación. Mantiene sus condiciones iniciales.
By	Par	Por
Was :old h, changed by :name on :date: :reason	Était :old h, modifié par :name le :date : :reason	Era :old h, cambiado por :name el :date: :reason
Entered by staff: :note	Saisi par le personnel : :note	Registrado por el personal: :note
Week check: exceptions and reconciliation	Contrôle de la semaine : anomalies et rapprochement	Control de la semana: anomalías y conciliación
Week ending :date on :project. Read-only: correct days on the attendance page, import and approve sheets on Hours.	Semaine se terminant le :date sur :project. Lecture seule : corrigez les jours sur la page des présences, importez et approuvez les feuilles dans Heures.	Semana que termina el :date en :project. Solo lectura: corrija los días en la página de asistencia, importe y apruebe las hojas en Horas.
Nothing to look at: roll call and hours agree, no long days, nobody on two jobs the same day, nothing left waiting.	Rien à signaler : l’appel et les heures concordent, aucune journée trop longue, personne sur deux chantiers le même jour, rien en attente.	Nada que revisar: el pase de lista y las horas coinciden, sin jornadas largas, nadie en dos trabajos el mismo día, nada pendiente.
Week check	Contrôle de la semaine	Control de la semana
A day outside the assignment's dates	Un jour en dehors des dates de l’affectation	Un día fuera de las fechas de la asignación
Approved days	Jours approuvés	Días aprobados
Approved days against the weekly sheet	Jours approuvés face à la feuille hebdomadaire	Días aprobados frente a la hoja semanal
Approved days, but no weekly sheet yet - import them	Des jours approuvés, mais pas encore de feuille hebdomadaire - importez-les	Días aprobados, pero aún sin hoja semanal - impórtelos
Approved for pay with a difference - settle it as an adjustment	Approuvé pour la paie avec un écart - réglez-le par un ajustement	Aprobado para pago con una diferencia - resuélvala con un ajuste
Approved hours across every project they worked on. Overtime is counted on the week, not per assignment.	Heures approuvées sur tous les projets travaillés. Les heures supplémentaires se comptent sur la semaine, pas par affectation.	Horas aprobadas en todos los proyectos trabajados. Las horas extra se cuentan por semana, no por asignación.
Check	Contrôle	Control
Choose somebody on your crew who is on the assignment.	Choisissez une personne de votre équipe qui est sur l’affectation.	Elija a alguien de su equipo que esté en la asignación.
Correct	Corriger	Corregir
Corrected hours	Heures corrigées	Horas corregidas
Day corrected. The previous hours and your reason are kept on the record.	Jour corrigé. Les heures précédentes et votre motif sont conservés au dossier.	Día corregido. Las horas anteriores y su motivo quedan en el registro.
Day recorded and approved, with your note.	Jour enregistré et approuvé, avec votre note.	Día registrado y aprobado, con su nota.
Days approved or corrected since the import - import again	Jours approuvés ou corrigés depuis l’import - importez à nouveau	Días aprobados o corregidos desde la importación - importe de nuevo
Days submitted, none approved yet	Jours soumis, aucun encore approuvé	Días enviados, ninguno aprobado aún
Days that do not add up	Jours qui ne concordent pas	Días que no cuadran
Detail	Détail	Detalle
Enter a day for a worker	Saisir un jour pour un travailleur	Registrar un día para un trabajador
Everybody on this project worked a single assignment this week.	Tout le monde sur ce projet a travaillé sur une seule affectation cette semaine.	Todos en este proyecto trabajaron en una sola asignación esta semana.
For a day the worker could not enter themselves. You validate it by entering it, so say why in the note; the worker sees it.	Pour un jour que le travailleur n’a pas pu saisir lui-même. Vous le validez en le saisissant : indiquez pourquoi dans la note ; le travailleur la voit.	Para un día que el trabajador no pudo registrar. Usted lo valida al registrarlo, así que explique por qué en la nota; el trabajador la ve.
Give a working date no later than today.	Indiquez une date de travail au plus tard aujourd’hui.	Indique una fecha de trabajo no posterior a hoy.
Hours for one day are a number from 0 to 24.	Les heures d’une journée sont un nombre de 0 à 24.	Las horas de un día son un número de 0 a 24.
Hours on a day marked absent at roll call	Des heures un jour marqué absent à l’appel	Horas en un día marcado ausente en el pase de lista
Hours on two assignments the same day	Des heures sur deux affectations le même jour	Horas en dos asignaciones el mismo día
Hours this week	Heures cette semaine	Horas esta semana
Hours typed on the sheet with no approved days behind them	Des heures saisies sur la feuille sans jours approuvés derrière	Horas escritas en la hoja sin días aprobados que las respalden
Imported	Importé	Importado
More than 16 hours in one day	Plus de 16 heures en une journée	Más de 16 horas en un día
Nobody corrects their own hours.	Personne ne corrige ses propres heures.	Nadie corrige sus propias horas.
Nobody on this project has days or a weekly sheet this week, so there is nothing to compare.	Personne sur ce projet n’a de jours ni de feuille hebdomadaire cette semaine : il n’y a rien à comparer.	Nadie en este proyecto tiene días ni hoja semanal esta semana, así que no hay nada que comparar.
Nobody on your crew is on an assignment, so there is nobody to enter a day for.	Personne de votre équipe n’est sur une affectation : il n’y a personne pour qui saisir un jour.	Nadie de su equipo está en una asignación, así que no hay a quién registrar un día.
On more than one assignment this week	Sur plus d’une affectation cette semaine	En más de una asignación esta semana
On the sheet	Sur la feuille	En la hoja
Only an approved day is corrected. A submitted day is approved or rejected; a rejected one is resubmitted by the worker.	Seul un jour approuvé se corrige. Un jour soumis est approuvé ou refusé ; un jour refusé est soumis à nouveau par le travailleur.	Solo se corrige un día aprobado. Un día enviado se aprueba o rechaza; uno rechazado lo reenvía el trabajador.
Open this week in Hours	Ouvrir cette semaine dans Heures	Abrir esta semana en Horas
Present at roll call, no hours for the day	Présent à l’appel, aucune heure pour la journée	Presente en el pase de lista, sin horas para el día
Record the day	Enregistrer le jour	Registrar el día
Say why the hours changed. The worker will see it.	Indiquez pourquoi les heures ont changé. Le travailleur le verra.	Indique por qué cambiaron las horas. El trabajador lo verá.
Say why the worker could not enter this day themselves.	Indiquez pourquoi le travailleur n’a pas pu saisir ce jour lui-même.	Indique por qué el trabajador no pudo registrar este día.
Submitted more than two days ago and not yet reviewed	Soumis il y a plus de deux jours et pas encore examiné	Enviado hace más de dos días y aún sin revisar
That date is outside the assignment.	Cette date est en dehors de l’affectation.	Esa fecha está fuera de la asignación.
That day is not one you can correct.	Vous ne pouvez pas corriger ce jour.	No puede corregir ese día.
That week is already approved for pay. Record the difference as a payroll adjustment instead.	Cette semaine est déjà approuvée pour la paie. Enregistrez plutôt l’écart comme un ajustement de paie.	Esa semana ya está aprobada para pago. Registre la diferencia como un ajuste de nómina.
The weekly sheet differs from the approved days	La feuille hebdomadaire diffère des jours approuvés	La hoja semanal difiere de los días aprobados
The weekly sheet matches the approved days	La feuille hebdomadaire correspond aux jours approuvés	La hoja semanal coincide con los días aprobados
The worker already submitted this day. Approve or reject it instead.	Le travailleur a déjà soumis ce jour. Approuvez-le ou refusez-le plutôt.	El trabajador ya envió este día. Apruébelo o rechácelo.
The worker's entry for this day was rejected. They resubmit it, or it is corrected once approved.	La saisie du travailleur pour ce jour a été refusée. Il la soumet à nouveau, ou elle est corrigée une fois approuvée.	El registro del trabajador para este día fue rechazado. Lo reenvía, o se corrige una vez aprobado.
This day is already approved. Correct it instead.	Ce jour est déjà approuvé. Corrigez-le plutôt.	Este día ya está aprobado. Corríjalo.
Those are already the hours on record.	Ce sont déjà les heures enregistrées.	Esas ya son las horas registradas.
Waiting for review	En attente d’examen	Pendiente de revisión
← Daily attendance	← Présences quotidiennes	← Asistencia diaria
:n on assignment not yet marked at roll call today.	:n en affectation pas encore pointés à l’appel aujourd’hui.	:n en asignación aún sin marcar en el pase de lista de hoy.
Absent today	Absents aujourd’hui	Ausentes hoy
Absent, last 15 days	Absents, 15 derniers jours	Ausentes, últimos 15 días
Approved time off covering today	Congés approuvés couvrant aujourd’hui	Permisos aprobados que cubren hoy
Confirmed, travelling or on site	Confirmés, en route ou sur site	Confirmados, en camino o en sitio
Marked absent at roll call	Marqués absents à l’appel	Marcados ausentes en el pase de lista
Marked present at roll call	Marqués présents à l’appel	Marcados presentes en el pase de lista
No roll call has been taken on this project in the last 30 days. It is taken on the Deployment view.	Aucun appel n’a été fait sur ce projet ces 30 derniers jours. Il se fait dans la vue Déploiement.	No se ha pasado lista en este proyecto en los últimos 30 días. Se pasa en la vista de Despliegue.
No start date yet	Pas encore de date de début	Aún sin fecha de inicio
Nobody has been marked absent in the last 15 days.	Personne n’a été marqué absent ces 15 derniers jours.	Nadie ha sido marcado ausente en los últimos 15 días.
Nobody has been placed on this project yet.	Personne n’a encore été affecté à ce projet.	Nadie ha sido asignado a este proyecto aún.
On assignment	En affectation	En asignación
On leave today	En congé aujourd’hui	De permiso hoy
People marked absent at roll call each day on this project.	Personnes marquées absentes à l’appel chaque jour sur ce projet.	Personas marcadas ausentes en el pase de lista cada día en este proyecto.
People marked present at roll call each day on this project.	Personnes marquées présentes à l’appel chaque jour sur ce projet.	Personas marcadas presentes en el pase de lista cada día en este proyecto.
Present today	Présents aujourd’hui	Presentes hoy
Present, last 30 days	Présents, 30 derniers jours	Presentes, últimos 30 días
Recently placed	Affectés récemment	Asignados recientemente
Starts :date	Début le :date	Empieza el :date
Workforce at a glance	L’effectif en un coup d’œil	La plantilla de un vistazo
:name - the provider must reconcile this week before it is approved: :why	:name - le prestataire de paie doit rapprocher cette semaine avant son approbation : :why	:name - el proveedor de nómina debe conciliar esta semana antes de aprobarla: :why
A draft. An administrator activates it once the values are confirmed.	Un brouillon. Un administrateur l’active une fois les valeurs confirmées.	Un borrador. Un administrador lo activa una vez confirmados los valores.
A holiday needs a date and a name.	Un jour férié a besoin d’une date et d’un nom.	Un día festivo necesita una fecha y un nombre.
A multiplier is a number from 1 to 5, for example 1.5.	Un multiplicateur est un nombre de 1 à 5, par exemple 1,5.	Un multiplicador es un número de 1 a 5, por ejemplo 1,5.
A retired rule set is not changed.	Un jeu de règles retiré n’est pas modifié.	Un conjunto de reglas retirado no se modifica.
A shift premium needs the shift name, as written on assignments, and an amount per hour up to 100.	Une prime de poste a besoin du nom du poste, tel qu’écrit sur les affectations, et d’un montant horaire jusqu’à 100.	Una prima de turno necesita el nombre del turno, tal como figura en las asignaciones, y un importe por hora de hasta 100.
Activate	Activer	Activar
Activated. Projects can now be paid under it.	Activé. Les projets peuvent désormais être payés selon ces règles.	Activado. Los proyectos ya pueden pagarse con estas reglas.
Add holiday	Ajouter un jour férié	Añadir festivo
Add premium	Ajouter une prime	Añadir prima
An amount per hour added for a shift, matched on the shift written on the assignment. Overtime is paid on it.	Un montant horaire ajouté pour un poste, rapproché du poste écrit sur l’affectation. Les heures supplémentaires sont payées dessus.	Un importe por hora añadido para un turno, según el turno escrito en la asignación. Las horas extra se pagan sobre él.
Another rule set already has that name.	Un autre jeu de règles porte déjà ce nom.	Otro conjunto de reglas ya tiene ese nombre.
Change this draft	Modifier ce brouillon	Modificar este borrador
Confirmed by :who on :date	Confirmé par :who le :date	Confirmado por :who el :date
Contractor or another company's employee - no overtime computed	Indépendant ou employé d’une autre société - aucune heure supplémentaire calculée	Contratista o empleado de otra empresa - no se calculan horas extra
Copied into a new draft. Change it, then ask an administrator to activate it.	Copié dans un nouveau brouillon. Modifiez-le, puis demandez à un administrateur de l’activer.	Copiado en un nuevo borrador. Modifíquelo y pida a un administrador que lo active.
Copy into a new draft	Copier dans un nouveau brouillon	Copiar en un nuevo borrador
Daily overtime	Heures supplémentaires journalières	Horas extra diarias
Daily overtime after (hours, blank for none)	Heures supplémentaires journalières après (heures, vide si aucune)	Horas extra diarias después de (horas, vacío si no hay)
Daily overtime multiplier	Multiplicateur des heures supplémentaires journalières	Multiplicador de horas extra diarias
Double time	Temps double	Tiempo doble
Double time after (hours in a day, blank for none)	Temps double après (heures dans la journée, vide si aucun)	Tiempo doble después de (horas en un día, vacío si no hay)
Double time multiplier	Multiplicateur du temps double	Multiplicador del tiempo doble
Double time starts after more hours than daily overtime does.	Le temps double commence après plus d’heures que les heures supplémentaires journalières.	El tiempo doble empieza después de más horas que las horas extra diarias.
Double-time and holiday hours have no ADP earnings code yet. Use the review export and enter them in ADP by hand.	Les heures en temps double et de jour férié n’ont pas encore de code de gain ADP. Utilisez l’export de contrôle et saisissez-les à la main dans ADP.	Las horas de tiempo doble y de festivo aún no tienen código de ingreso ADP. Use la exportación de revisión e introdúzcalas a mano en ADP.
Draft saved. It is applied to nobody until an administrator activates it.	Brouillon enregistré. Il ne s’applique à personne tant qu’un administrateur ne l’a pas activé.	Borrador guardado. No se aplica a nadie hasta que un administrador lo active.
Give the rule set a name of 3 to 120 characters.	Donnez au jeu de règles un nom de 3 à 120 caractères.	Dé al conjunto de reglas un nombre de 3 a 120 caracteres.
Holiday	Jour férié	Festivo
Holiday multiplier (blank for none)	Multiplicateur de jour férié (vide si aucun)	Multiplicador de festivo (vacío si no hay)
Holiday rate	Taux de jour férié	Tarifa de festivo
Holidays	Jours fériés	Festivos
Hour lines are blank, or a number of hours: up to 168 for the week, up to 24 for a day.	Les seuils d’heures sont vides ou un nombre d’heures : jusqu’à 168 pour la semaine, jusqu’à 24 pour une journée.	Los umbrales de horas están vacíos o son un número de horas: hasta 168 por semana, hasta 24 por día.
Hours on another assignment this week - the provider blends the overtime rate	Des heures sur une autre affectation cette semaine - le prestataire calcule le taux combiné	Horas en otra asignación esta semana - el proveedor combina la tarifa de horas extra
Jurisdiction	Juridiction	Jurisdicción
Needs a look	À vérifier	Por revisar
New rule set	Nouveau jeu de règles	Nuevo conjunto de reglas
No approved days behind the sheet - only the weekly line was applied	Aucun jour approuvé derrière la feuille - seul le seuil hebdomadaire a été appliqué	Ningún día aprobado respalda la hoja - solo se aplicó el umbral semanal
No holiday in this rule set: no day is paid at the holiday rate.	Aucun jour férié dans ce jeu de règles : aucun jour n’est payé au taux férié.	Ningún festivo en este conjunto de reglas: ningún día se paga a tarifa de festivo.
No hours entered for this week yet.	Aucune heure saisie pour cette semaine.	Aún no hay horas registradas esta semana.
No rule set yet. Create one below.	Aucun jeu de règles pour l’instant. Créez-en un ci-dessous.	Aún no hay conjuntos de reglas. Cree uno abajo.
No rule set: overtime follows the weekly line in the Hours policy, as before.	Aucun jeu de règles : les heures supplémentaires suivent le seuil hebdomadaire de la politique Heures, comme avant.	Sin conjunto de reglas: las horas extra siguen el umbral semanal de la política de Horas, como antes.
No shift premium in this rule set.	Aucune prime de poste dans ce jeu de règles.	Ninguna prima de turno en este conjunto de reglas.
Only a draft can be changed. Copy an active rule set to change it.	Seul un brouillon peut être modifié. Copiez un jeu de règles actif pour le changer.	Solo se puede modificar un borrador. Copie un conjunto activo para cambiarlo.
Only a draft is activated.	Seul un brouillon s’active.	Solo se activa un borrador.
Only an active rule set is given to a project. A draft is applied to nobody until it is activated.	Seul un jeu de règles actif est attribué à un projet. Un brouillon ne s’applique à personne avant son activation.	Solo se asigna a un proyecto un conjunto activo. Un borrador no se aplica a nadie hasta que se active.
Only an active rule set is retired.	Seul un jeu de règles actif est retiré.	Solo se retira un conjunto de reglas activo.
Open a project first.	Ouvrez d’abord un projet.	Abra primero un proyecto.
Open a project to choose its rule set.	Ouvrez un projet pour choisir son jeu de règles.	Abra un proyecto para elegir su conjunto de reglas.
Overtime status not yet decided - paid as non-exempt meanwhile	Statut des heures supplémentaires non décidé - payé comme non exempté en attendant	Estado de horas extra aún sin decidir - se paga como no exento mientras tanto
Overtime, double time, holidays and shift premiums, set per jurisdiction. A rule set is applied to nobody until an administrator activates it, naming who confirmed the values. Crewvia applies the rules; it does not decide what the law requires.	Heures supplémentaires, temps double, jours fériés et primes de poste, par juridiction. Un jeu de règles ne s’applique à personne tant qu’un administrateur ne l’a pas activé en nommant qui a confirmé les valeurs. Crewvia applique les règles ; il ne décide pas de ce qu’exige la loi.	Horas extra, tiempo doble, festivos y primas de turno, por jurisdicción. Un conjunto de reglas no se aplica a nadie hasta que un administrador lo active indicando quién confirmó los valores. Crewvia aplica las reglas; no decide lo que exige la ley.
Pay rules	Règles de paie	Reglas de pago
Pay rules this week	Règles de paie cette semaine	Reglas de pago esta semana
Regular	Normal	Normal
Retired - choose a current rule set	Retiré - choisissez un jeu de règles en vigueur	Retirado - elija un conjunto vigente
Retired. Projects still using it keep it until they are moved to another.	Retiré. Les projets qui l’utilisent le gardent jusqu’à ce qu’on les passe à un autre.	Retirado. Los proyectos que lo usan lo conservan hasta que se cambien a otro.
Rule set: :name (:jurisdiction). Weeks already approved keep the figures they were approved with.	Jeu de règles : :name (:jurisdiction). Les semaines déjà approuvées gardent les montants de leur approbation.	Conjunto de reglas: :name (:jurisdiction). Las semanas ya aprobadas conservan las cifras con que se aprobaron.
Rule sets	Jeux de règles	Conjuntos de reglas
Salaried with overtime - the provider reconciles it	Salarié au forfait avec heures supplémentaires - le prestataire les rapproche	Asalariado con horas extra - el proveedor lo concilia
Save draft	Enregistrer le brouillon	Guardar borrador
Say which jurisdiction the rules are for, for example a state.	Indiquez pour quelle juridiction sont ces règles, par exemple un État.	Indique para qué jurisdicción son las reglas, por ejemplo un estado.
Say who confirmed these values for the jurisdiction - the payroll provider, counsel - before activating.	Indiquez qui a confirmé ces valeurs pour la juridiction - le prestataire de paie, un avocat - avant d’activer.	Indique quién confirmó estos valores para la jurisdicción - el proveedor de nómina, un abogado - antes de activar.
Shift premium	Prime de poste	Prima de turno
Shift premiums	Primes de poste	Primas de turno
Shift, e.g. Night shift	Poste, ex. Poste de nuit	Turno, p. ej. Turno de noche
That date is already a holiday in this rule set.	Cette date est déjà un jour férié dans ce jeu de règles.	Esa fecha ya es festivo en este conjunto de reglas.
That holiday is not in this rule set.	Ce jour férié n’est pas dans ce jeu de règles.	Ese festivo no está en este conjunto de reglas.
That rule set does not exist.	Ce jeu de règles n’existe pas.	Ese conjunto de reglas no existe.
That shift already has a premium in this rule set.	Ce poste a déjà une prime dans ce jeu de règles.	Ese turno ya tiene una prima en este conjunto de reglas.
The notes are too long.	Les notes sont trop longues.	Las notas son demasiado largas.
This project	Ce projet	Este proyecto
This project has no pay rule set. Overtime follows the weekly line in the policy above. Choose a confirmed rule set on the Pay rules page to apply daily overtime, double time, holidays and shift premiums.	Ce projet n’a pas de jeu de règles de paie. Les heures supplémentaires suivent le seuil hebdomadaire de la politique ci-dessus. Choisissez un jeu de règles confirmé dans Règles de paie pour appliquer heures supplémentaires journalières, temps double, jours fériés et primes de poste.	Este proyecto no tiene conjunto de reglas de pago. Las horas extra siguen el umbral semanal de la política anterior. Elija un conjunto confirmado en Reglas de pago para aplicar horas extra diarias, tiempo doble, festivos y primas de turno.
This project is now paid under :name. Weeks already approved keep their figures.	Ce projet est désormais payé selon :name. Les semaines déjà approuvées gardent leurs montants.	Este proyecto ahora se paga según :name. Las semanas ya aprobadas conservan sus cifras.
Unknown action.	Action inconnue.	Acción desconocida.
Use for this project	Utiliser pour ce projet	Usar para este proyecto
Weekly overtime	Heures supplémentaires hebdomadaires	Horas extra semanales
Weekly overtime after (hours, blank for none)	Heures supplémentaires hebdomadaires après (heures, vide si aucune)	Horas extra semanales después de (horas, vacío si no hay)
Weekly overtime multiplier	Multiplicateur des heures supplémentaires hebdomadaires	Multiplicador de horas extra semanales
Who confirmed these values for the jurisdiction	Qui a confirmé ces valeurs pour la juridiction	Quién confirmó estos valores para la jurisdicción
after :h h at ×:m	après :h h à ×:m	después de :h h a ×:m
copy	copie	copia
for example: Michigan	par exemple : Michigan	por ejemplo: Michigan
for example: our payroll provider, 9 Oct 2026	par exemple : notre prestataire de paie, 9 oct. 2026	por ejemplo: nuestro proveedor de nómina, 9 oct. 2026
none	aucun	ninguno
1 day per :h hours worked	1 jour pour :h heures travaillées	1 día por cada :h horas trabajadas
:kind is available after :n days on assignment.	:kind est disponible après :n jours d’affectation.	:kind está disponible tras :n días de asignación.
:kind is available once an assignment has started.	:kind est disponible une fois une affectation commencée.	:kind está disponible una vez iniciada una asignación.
:kind is not available to this kind of employment.	:kind n’est pas ouvert à ce type d’emploi.	:kind no está disponible para este tipo de empleo.
:n days a year	:n jours par an	:n días al año
A day of leave is paid as a number of hours from 0.25 to 24.	Un jour de congé est payé comme un nombre d’heures de 0,25 à 24.	Un día de permiso se paga como un número de horas de 0,25 a 24.
A kind of leave with that name already exists.	Un type de congé de ce nom existe déjà.	Ya existe un tipo de permiso con ese nombre.
A number of days each year	Un nombre de jours chaque année	Un número de días cada año
Approving this would go over the allowance: :asked days asked, :left left.	L’approuver dépasserait le droit : :asked jours demandés, :left restants.	Aprobarlo excedería el derecho: :asked días pedidos, :left restantes.
Cap :n days	Plafond :n jours	Tope :n días
Carries over	Report	Se traspasa
Change :kind	Modifier :kind	Modificar :kind
Choose at least one kind of employment, or leave them all unticked for everybody.	Choisissez au moins un type d’emploi, ou ne cochez rien pour tout le monde.	Elija al menos un tipo de empleo, o no marque ninguno para todos.
Days a year (blank for unlimited)	Jours par an (vide pour illimité)	Días al año (vacío para ilimitado)
Days are whole numbers: up to 366 for an allowance, cap or carryover, up to 3650 for a waiting period.	Les jours sont des nombres entiers : jusqu’à 366 pour un droit, un plafond ou un report, jusqu’à 3650 pour un délai d’attente.	Los días son números enteros: hasta 366 para un derecho, tope o traspaso, hasta 3650 para un periodo de espera.
Days on assignment before it can be taken	Jours d’affectation avant de pouvoir le prendre	Días de asignación antes de poder tomarlo
Earned	Acquis	Generado
Earned from hours worked	Acquis selon les heures travaillées	Generado por horas trabajadas
Everybody	Tout le monde	Todos
From approved leave of a paid kind, imported with the attendance. Paid at the base rate; counts toward the guarantee, never toward overtime.	Issu des congés payés approuvés, importé avec les présences. Payé au taux de base ; compte dans la garantie, jamais dans les heures supplémentaires.	De permisos pagados aprobados, importados con la asistencia. Se pagan a la tarifa base; cuentan para la garantía, nunca para horas extra.
Hours paid for a day of it	Heures payées pour un jour	Horas pagadas por un día
Hours worked on a day of approved leave	Des heures travaillées un jour de congé approuvé	Horas trabajadas en un día de permiso aprobado
Hours worked to earn one day	Heures travaillées pour acquérir un jour	Horas trabajadas para generar un día
How it is earned	Comment il s’acquiert	Cómo se genera
Leave earned from hours worked needs the hours that earn one day, from 1 to 2000.	Un congé acquis selon les heures travaillées a besoin des heures qui valent un jour, de 1 à 2000.	Un permiso generado por horas trabajadas necesita las horas que generan un día, de 1 a 2000.
Leave hours	Heures de congé	Horas de permiso
Leave pay	Paie de congé	Pago de permiso
Leave types	Types de congé	Tipos de permiso
Most days available at once (blank for no cap)	Jours disponibles au maximum à la fois (vide pour aucun plafond)	Máximo de días disponibles a la vez (vacío para sin tope)
Name the kind of leave in 2 to 90 characters.	Nommez le type de congé en 2 à 90 caractères.	Nombre el tipo de permiso con 2 a 90 caracteres.
New kind of leave	Nouveau type de congé	Nuevo tipo de permiso
Order in the list	Ordre dans la liste	Orden en la lista
Paid leave hours have no ADP earnings code yet. Use the review export and enter them in ADP by hand.	Les heures de congé payé n’ont pas encore de code de gain ADP. Utilisez l’export de contrôle et saisissez-les à la main dans ADP.	Las horas de permiso pagado aún no tienen código de ingreso ADP. Use la exportación de revisión e introdúzcalas a mano en ADP.
Paid leave this week	Congés payés cette semaine	Permisos pagados esta semana
Requests	Demandes	Solicitudes
Restore	Rétablir	Restaurar
Restored: it can be asked for again.	Rétabli : il peut à nouveau être demandé.	Restaurado: puede volver a solicitarse.
Retired: nobody can ask for it any more. Requests already made keep it.	Retiré : plus personne ne peut le demander. Les demandes déjà faites le gardent.	Retirado: ya nadie puede solicitarlo. Las solicitudes ya hechas lo conservan.
Saved. Balances are worked out again from these rules the next time anybody looks.	Enregistré. Les soldes sont recalculés selon ces règles à la prochaine consultation.	Guardado. Los saldos se recalculan con estas reglas la próxima vez que alguien los consulte.
That kind of leave does not exist.	Ce type de congé n’existe pas.	Ese tipo de permiso no existe.
The kinds of time off, how each is earned, how much carries over and who may take it. Balances are always worked out from these rules and the approved requests, never typed.	Les types de congé, comment chacun s’acquiert, ce qui se reporte et qui peut le prendre. Les soldes sont toujours calculés à partir de ces règles et des demandes approuvées, jamais saisis.	Los tipos de permiso, cómo se genera cada uno, cuánto se traspasa y quién puede tomarlo. Los saldos se calculan siempre con estas reglas y las solicitudes aprobadas, nunca se escriben.
Unlimited	Illimité	Ilimitado
Unpaid	Non payé	No pagado
Unused days that carry into next year	Jours non utilisés reportés sur l’année suivante	Días no usados que pasan al año siguiente
Waiting period	Délai d’attente	Periodo de espera
Who may take it (none ticked: everybody)	Qui peut le prendre (rien de coché : tout le monde)	Quién puede tomarlo (nada marcado: todos)
:item: :amount could not be taken - not enough wages this week	:item : :amount n’a pas pu être retenu - salaire insuffisant cette semaine	:item: no se pudo retener :amount - salario insuficiente esta semana
A deduction has no ADP deduction code: :item. Set its provider code on the Pay items page, or use the review export.	Une retenue n’a pas de code de retenue ADP : :item. Indiquez son code prestataire dans Éléments de paie, ou utilisez l’export de contrôle.	Una deducción no tiene código de deducción ADP: :item. Indique su código de proveedor en Conceptos de pago, o use la exportación de revisión.
A fixed amount a week	Un montant fixe par semaine	Un importe fijo por semana
A pay item with that name already exists.	Un élément de paie de ce nom existe déjà.	Ya existe un concepto de pago con ese nombre.
A percentage is above 0 and at most 100.	Un pourcentage est supérieur à 0 et au plus 100.	Un porcentaje es mayor que 0 y como máximo 100.
A percentage of gross wages	Un pourcentage du salaire brut	Un porcentaje del salario bruto
A provider code is letters, digits, dash or underscore, up to 40.	Un code prestataire est fait de lettres, chiffres, tirets ou soulignés, jusqu’à 40.	Un código de proveedor son letras, dígitos, guion o guion bajo, hasta 40.
Amount or %	Montant ou %	Importe o %
An amount a week is above 0 and at most 10,000.	Un montant par semaine est supérieur à 0 et au plus 10 000.	Un importe semanal es mayor que 0 y como máximo 10.000.
Choose a pay item from the list.	Choisissez un élément de paie dans la liste.	Elija un concepto de pago de la lista.
Choose whether it is taken from pay or paid by the employer, and how it is worked out.	Indiquez s’il est retenu sur la paie ou payé par l’employeur, et comment il se calcule.	Indique si se retiene del pago o lo paga el empleador, y cómo se calcula.
Deduction from pay	Retenue sur la paie	Deducción del pago
Deductions	Retenues	Deducciones
Deductions agreed with each person and what the employer pays on top. Taxes are withheld by the payroll provider, not here. A week is frozen when it is approved; until then this is a preview.	Les retenues convenues avec chaque personne et ce que l’employeur paie en plus. Les impôts sont retenus par le prestataire de paie, pas ici. Une semaine est figée à son approbation ; jusque-là, c’est un aperçu.	Las deducciones acordadas con cada persona y lo que el empleador paga además. Los impuestos los retiene el proveedor de nómina, no aquí. Una semana se congela al aprobarse; hasta entonces es una vista previa.
Deductions agreed with people, and contributions the employer pays on top. They prepare gross to net before taxes; the payroll provider withholds taxes.	Les retenues convenues avec les personnes, et les cotisations que l’employeur paie en plus. Elles préparent le passage du brut au net avant impôts ; le prestataire de paie retient les impôts.	Las deducciones acordadas con las personas y las contribuciones que el empleador paga además. Preparan de bruto a neto antes de impuestos; el proveedor de nómina retiene los impuestos.
Deductions and contributions	Retenues et cotisations	Deducciones y contribuciones
Employer contribution	Cotisation employeur	Contribución del empleador
Employer contributions	Cotisations employeur	Contribuciones del empleador
End	Terminer	Terminar
Frozen	Figé	Congelado
Give an end date on or after the day it started.	Indiquez une date de fin égale ou postérieure au début.	Indique una fecha de fin igual o posterior al inicio.
Give the date it starts.	Indiquez la date de début.	Indique la fecha de inicio.
Gross to net, before taxes	Du brut au net, avant impôts	De bruto a neto, antes de impuestos
Gross wages	Salaire brut	Salario bruto
Item	Élément	Concepto
Name the pay item in 2 to 120 characters.	Nommez l’élément de paie en 2 à 120 caractères.	Nombre el concepto de pago con 2 a 120 caracteres.
Net before taxes	Net avant impôts	Neto antes de impuestos
New pay item	Nouvel élément de paie	Nuevo concepto de pago
No pay item yet. Create them on the Pay items page.	Aucun élément de paie pour l’instant. Créez-les dans Éléments de paie.	Aún no hay conceptos de pago. Créelos en Conceptos de pago.
Nothing is taken from this person's pay, and the employer adds nothing.	Rien n’est retenu sur la paie de cette personne, et l’employeur n’ajoute rien.	No se retiene nada del pago de esta persona y el empleador no añade nada.
Open advances, at their agreed weekly repayment	Les avances en cours, à leur remboursement hebdomadaire convenu	Los anticipos abiertos, a su reembolso semanal acordado
Pay item saved. Give it to people from their employee folder.	Élément de paie enregistré. Attribuez-le aux personnes depuis leur dossier.	Concepto de pago guardado. Asígnelo a las personas desde su expediente.
Pay items	Éléments de paie	Conceptos de pago
Per diem and expenses	Indemnités et frais	Viáticos y gastos
Preview	Aperçu	Vista previa
Provider code	Code prestataire	Código de proveedor
Provider code (optional)	Code prestataire (facultatif)	Código de proveedor (opcional)
Restored: it is taken again from weeks not yet approved.	Rétabli : il est de nouveau retenu sur les semaines pas encore approuvées.	Restaurado: se vuelve a aplicar a las semanas aún no aprobadas.
Retired: weeks not yet approved no longer take it. Approved weeks keep it.	Retiré : les semaines pas encore approuvées ne le retiennent plus. Les semaines approuvées le gardent.	Retirado: las semanas aún no aprobadas ya no lo aplican. Las aprobadas lo conservan.
Side	Nature	Tipo
Taken before taxes (the provider applies it)	Retenu avant impôts (le prestataire l’applique)	Se retiene antes de impuestos (lo aplica el proveedor)
Taken from each approved week, or paid on top by the employer, from the start date. Advances are repaid automatically and are not set here.	Retenu sur chaque semaine approuvée, ou payé en plus par l’employeur, à partir de la date de début. Les avances se remboursent automatiquement et ne se règlent pas ici.	Se retiene de cada semana aprobada, o lo paga además el empleador, desde la fecha de inicio. Los anticipos se reembolsan automáticamente y no se configuran aquí.
Taken on another assignment this week	Retenu sur une autre affectation cette semaine	Retenido en otra asignación esta semana
That item is not running for this person.	Cet élément n’est pas en cours pour cette personne.	Ese concepto no está activo para esta persona.
That pay item does not exist.	Cet élément de paie n’existe pas.	Ese concepto de pago no existe.
This person already has that item running. End it first, then add the new amount.	Cette personne a déjà cet élément en cours. Terminez-le d’abord, puis ajoutez le nouveau montant.	Esta persona ya tiene ese concepto activo. Termínelo primero y luego añada el nuevo importe.
Until	Jusqu’au	Hasta
Worked out as	Calculé comme	Se calcula como
for example: Uniform	par exemple : Uniforme	por ejemplo: Uniforme
pre-tax	avant impôts	antes de impuestos
Advance repayment	Remboursement d’avance	Reembolso de anticipo
:n weekly sheet(s) in this week are not approved yet. Approve them on Hours, or set their hours to zero, first.	:n feuille(s) de la semaine ne sont pas encore approuvées. Approuvez-les dans Heures, ou mettez leurs heures à zéro, d’abord.	:n hoja(s) de esta semana aún no están aprobadas. Apruébelas en Horas, o ponga sus horas a cero, primero.
:paid h paid, :days h approved	:paid h payées, :days h approuvées	:paid h pagadas, :days h aprobadas
A locked period is final. Correct it with an adjustment in an open period.	Une période verrouillée est définitive. Corrigez-la par un ajustement dans une période ouverte.	Un periodo cerrado es definitivo. Corríjalo con un ajuste en un periodo abierto.
A period for the week ending :date already exists.	Une période pour la semaine se terminant le :date existe déjà.	Ya existe un periodo para la semana que termina el :date.
Adjustment recorded	Ajustement enregistré	Ajuste registrado
Adjustment recorded in this period.	Ajustement enregistré dans cette période.	Ajuste registrado en este periodo.
Adjustments	Ajustements	Ajustes
Adjustments go into an open period. This one is :status.	Les ajustements vont dans une période ouverte. Celle-ci est :status.	Los ajustes van en un periodo abierto. Este está :status.
Adjustments in this period	Ajustements de cette période	Ajustes de este periodo
An adjustment corrects a week already approved for this person.	Un ajustement corrige une semaine déjà approuvée pour cette personne.	Un ajuste corrige una semana ya aprobada para esta persona.
An adjustment is an amount above 0 and at most 100,000; a recovery is entered positive and taken back.	Un ajustement est un montant supérieur à 0 et au plus 100 000 ; une récupération se saisit en positif et est reprise.	Un ajuste es un importe mayor que 0 y como máximo 100.000; una recuperación se introduce en positivo y se descuenta.
An adjustment is paid in a later period than the week it corrects.	Un ajustement est payé dans une période postérieure à la semaine qu’il corrige.	Un ajuste se paga en un periodo posterior a la semana que corrige.
Approved before deductions were recorded: no deduction is shown for this week.	Approuvée avant l’enregistrement des retenues : aucune retenue n’est affichée pour cette semaine.	Aprobada antes de registrar deducciones: no se muestra ninguna deducción para esta semana.
Approved. Lock it once it has been paid.	Approuvée. Verrouillez-la une fois payée.	Aprobado. Ciérrelo una vez pagado.
Attendance corrected after the week was paid	Présences corrigées après le paiement de la semaine	Asistencia corregida después de pagar la semana
Audit trail	Piste d’audit	Registro de auditoría
Back	Retour	Volver
Back pay	Rappel de salaire	Atrasos
Choose the week ending of the period.	Choisissez la fin de semaine de la période.	Elija el fin de semana del periodo.
Choose what kind of adjustment this is.	Choisissez le type d’ajustement.	Elija el tipo de ajuste.
Choose who the adjustment is for.	Choisissez la personne concernée par l’ajustement.	Elija para quién es el ajuste.
Correction of a paid week	Correction d’une semaine payée	Corrección de una semana pagada
Employer contributions this week: :amount. Taxes are withheld by the payroll provider and are not in these figures.	Cotisations employeur cette semaine : :amount. Les impôts sont retenus par le prestataire de paie et ne figurent pas ici.	Contribuciones del empleador esta semana: :amount. Los impuestos los retiene el proveedor de nómina y no están en estas cifras.
Found by the week check. Each can be settled here; the amount suggested is the hours difference at the person's rate.	Trouvées par le contrôle de la semaine. Chacune peut être réglée ici ; le montant proposé est l’écart d’heures au taux de la personne.	Detectadas por el control de la semana. Cada una puede resolverse aquí; el importe sugerido es la diferencia de horas a la tarifa de la persona.
Hours (optional)	Heures (facultatif)	Horas (opcional)
Hours, if given, are a number up to 168.	Les heures, si indiquées, sont un nombre jusqu’à 168.	Las horas, si se indican, son un número de hasta 168.
How each week was worked out, before taxes. Taxes are withheld by the payroll provider, whose statement is the official one.	Comment chaque semaine a été calculée, avant impôts. Les impôts sont retenus par le prestataire de paie, dont le relevé fait foi.	Cómo se calculó cada semana, antes de impuestos. Los impuestos los retiene el proveedor de nómina, cuyo comprobante es el oficial.
Lock as paid	Verrouiller comme payée	Cerrar como pagado
Locked	Verrouillée	Cerrado
Locked. It is final; corrections go into an open period as adjustments.	Verrouillée. C’est définitif ; les corrections vont dans une période ouverte comme ajustements.	Cerrado. Es definitivo; las correcciones van a un periodo abierto como ajustes.
My pay statements	Mes relevés de paie	Mis comprobantes de pago
No approved week and no adjustment in this period yet.	Aucune semaine approuvée ni aucun ajustement dans cette période pour l’instant.	Aún no hay semanas aprobadas ni ajustes en este periodo.
No pay period yet. Weeks are approved project by project, as before, until one is opened.	Aucune période de paie pour l’instant. Les semaines s’approuvent projet par projet, comme avant, jusqu’à l’ouverture d’une période.	Aún no hay periodos de pago. Las semanas se aprueban proyecto por proyecto, como antes, hasta que se abra uno.
No pay statement yet. One appears here once a week you worked has been approved for pay.	Aucun relevé de paie pour l’instant. Il apparaît ici dès qu’une semaine travaillée est approuvée pour la paie.	Aún no hay comprobantes de pago. Aparecerá aquí cuando una semana trabajada se apruebe para pago.
None.	Aucun.	Ninguno.
Not approved yet	Pas encore approuvé	Aún no aprobado
Not recorded	Non enregistré	No registrado
One period per week, across every project. Payroll submits it once every sheet is approved, an administrator who did not submit it approves it, and it is locked once paid. From submission on, nothing in the week changes: a later difference is an adjustment in an open period.	Une période par semaine, pour tous les projets. La paie la soumet une fois toutes les feuilles approuvées, un administrateur qui ne l’a pas soumise l’approuve, et elle est verrouillée une fois payée. Dès la soumission, rien ne change dans la semaine : un écart ultérieur est un ajustement dans une période ouverte.	Un periodo por semana, para todos los proyectos. Nómina lo envía cuando todas las hojas están aprobadas, un administrador que no lo envió lo aprueba, y se cierra una vez pagado. Desde el envío, nada cambia en la semana: una diferencia posterior es un ajuste en un periodo abierto.
Only a submitted period is approved.	Seule une période soumise s’approuve.	Solo se aprueba un periodo enviado.
Only an approved period is locked.	Seule une période approuvée se verrouille.	Solo se cierra un periodo aprobado.
Only an open period is submitted.	Seule une période ouverte se soumet.	Solo se envía un periodo abierto.
Open a pay period	Ouvrir une période de paie	Abrir un periodo de pago
Opened	Ouverte	Abierto
Paid leave	Congé payé	Permiso pagado
Paid weeks that no longer match their days	Semaines payées qui ne correspondent plus à leurs jours	Semanas pagadas que ya no coinciden con sus días
Pay period	Période de paie	Periodo de pago
Pay periods	Périodes de paie	Periodos de pago
Pay statement	Relevé de paie	Comprobante de pago
Pay the difference	Payer l’écart	Pagar la diferencia
Payslip	Bulletin	Comprobante
Periods	Périodes	Periodos
Print	Imprimer	Imprimir
Reconciliation	Rapprochement	Conciliación
Record	Enregistrer	Registrar
Record an adjustment	Enregistrer un ajustement	Registrar un ajuste
Recover the difference	Récupérer l’écart	Recuperar la diferencia
Recovery of an overpayment	Récupération d’un trop-perçu	Recuperación de un pago en exceso
Reopen	Rouvrir	Reabrir
Reopened	Rouverte	Reabierto
Reopened. The week can be changed again.	Rouverte. La semaine peut à nouveau être modifiée.	Reabierto. La semana puede modificarse de nuevo.
Say why the adjustment is made, in up to 500 characters.	Indiquez la raison de l’ajustement, en 500 caractères au plus.	Indique por qué se hace el ajuste, en hasta 500 caracteres.
Say why the period is reopened.	Indiquez pourquoi la période est rouverte.	Indique por qué se reabre el periodo.
Submit for approval	Soumettre pour approbation	Enviar para aprobación
Submitted for approval	Soumise pour approbation	Enviado para aprobación
Submitted. The week is frozen until an administrator approves or reopens it.	Soumise. La semaine est figée jusqu’à ce qu’un administrateur l’approuve ou la rouvre.	Enviado. La semana queda congelada hasta que un administrador la apruebe o la reabra.
Summary	Récapitulatif	Resumen
Taxes are withheld by the payroll provider and are not shown here. The provider's statement is the official record of your pay; this one shows how your week was worked out before taxes.	Les impôts sont retenus par le prestataire de paie et ne figurent pas ici. Le relevé du prestataire fait foi ; celui-ci montre comment votre semaine a été calculée avant impôts.	Los impuestos los retiene el proveedor de nómina y no se muestran aquí. El comprobante del proveedor es el registro oficial de su pago; este muestra cómo se calculó su semana antes de impuestos.
That pay period does not exist.	Cette période de paie n’existe pas.	Ese periodo de pago no existe.
That pay statement is not available.	Ce relevé de paie n’est pas disponible.	Ese comprobante de pago no está disponible.
That period is already open.	Cette période est déjà ouverte.	Ese periodo ya está abierto.
The pay period for the week ending :date is :status. Nothing in it changes; record an adjustment in an open period instead.	La période de paie de la semaine se terminant le :date est :status. Rien n’y change ; enregistrez plutôt un ajustement dans une période ouverte.	El periodo de pago de la semana que termina el :date está :status. Nada cambia en él; registre un ajuste en un periodo abierto.
The period is submitted once these are approved on Hours, on their projects.	La période se soumet une fois celles-ci approuvées dans Heures, sur leurs projets.	El periodo se envía cuando estas estén aprobadas en Horas, en sus proyectos.
The person who submitted a period does not approve it. Another administrator does.	La personne qui a soumis une période ne l’approuve pas. Un autre administrateur le fait.	Quien envía un periodo no lo aprueba. Lo hace otro administrador.
To be paid, before taxes	À payer, avant impôts	A pagar, antes de impuestos
To pay	À payer	A pagar
Week ending (Saturday)	Fin de semaine (samedi)	Fin de semana (sábado)
Week ending :date	Semaine se terminant le :date	Semana que termina el :date
Why it is reopened	Pourquoi elle est rouverte	Por qué se reabre
corrects the week ending :date	corrige la semaine se terminant le :date	corrige la semana que termina el :date
A hotel is chosen only for lodging, and from the list.	Un hôtel ne se choisit que pour l’hébergement, et dans la liste.	Un hotel solo se elige para alojamiento, y de la lista.
A lodging order names the hotel, so the rooms it confirms reach the hotel board.	Une commande d’hébergement nomme l’hôtel, pour que les chambres confirmées arrivent au tableau des hôtels.	Un pedido de alojamiento indica el hotel, para que las habitaciones confirmadas lleguen al tablero de hoteles.
A quantity is above 0 and at most 100,000.	Une quantité est supérieure à 0 et au plus 100 000.	Una cantidad es mayor que 0 y como máximo 100.000.
A quotation is attached before the order is raised.	Un devis se joint avant d’émettre la commande.	Una cotización se adjunta antes de emitir el pedido.
A quotation needs the vendor and a unit price from 0 to 1,000,000.	Un devis a besoin du fournisseur et d’un prix unitaire de 0 à 1 000 000.	Una cotización necesita el proveedor y un precio unitario de 0 a 1.000.000.
Add quote	Ajouter un devis	Añadir cotización
Add unit	Ajouter une unité	Añadir unidad
An administrator	Un administrateur	Un administrador
An estimated cost is a number from 0 to 1,000,000.	Un coût estimé est un nombre de 0 à 1 000 000.	Un coste estimado es un número de 0 a 1.000.000.
An order needs the vendor and a unit price from 0 to 1,000,000.	Une commande a besoin du fournisseur et d’un prix unitaire de 0 à 1 000 000.	Un pedido necesita el proveedor y un precio unitario de 0 a 1.000.000.
Approved. The order can be placed.	Approuvée. La commande peut être passée.	Aprobado. El pedido puede realizarse.
Budget owner	Responsable du budget	Responsable del presupuesto
Budget owner: :name	Responsable du budget : :name	Responsable del presupuesto: :name
Cancelled: :why	Annulée : :why	Cancelada: :why
Check the dates: the end cannot come before the start.	Vérifiez les dates : la fin ne peut pas précéder le début.	Revise las fechas: el fin no puede ser anterior al inicio.
Choose an approved purchase order on this project, or none.	Choisissez une commande approuvée de ce projet, ou aucune.	Elija un pedido aprobado de este proyecto, o ninguno.
Choose the budget owner from the list.	Choisissez le responsable du budget dans la liste.	Elija al responsable del presupuesto de la lista.
Choose the unit it is counted in.	Choisissez l’unité de comptage.	Elija la unidad en que se cuenta.
Choose what is being bought.	Choisissez ce qui est acheté.	Elija qué se compra.
Close	Clôturer	Cerrar
Commitments	Engagements	Compromisos
Estimated cost per unit (optional)	Coût estimé par unité (facultatif)	Coste estimado por unidad (opcional)
Hotel, for lodging (optional)	Hôtel, pour l’hébergement (facultatif)	Hotel, para alojamiento (opcional)
Invoiced	Facturé	Facturado
Lodging	Hébergement	Alojamiento
Name the unit in 2 to 80 characters.	Nommez l’unité en 2 à 80 caractères.	Nombre la unidad con 2 a 80 caracteres.
Needed from	Nécessaire à partir du	Necesario desde
Needed until	Nécessaire jusqu’au	Necesario hasta
New hires do not raise lodging requests.	Les nouvelles recrues ne déclenchent pas de demande d’hébergement.	Las nuevas contrataciones no generan solicitudes de alojamiento.
New hires raise a lodging request automatically.	Chaque nouvelle recrue déclenche automatiquement une demande d’hébergement.	Cada nueva contratación genera automáticamente una solicitud de alojamiento.
New request	Nouvelle demande	Nueva solicitud
No approved order yet, so nothing is committed.	Aucune commande approuvée : rien n’est engagé.	Aún no hay pedidos aprobados, así que no hay nada comprometido.
No budget owner named: an administrator approves its orders.	Aucun responsable du budget : un administrateur approuve ses commandes.	Sin responsable del presupuesto: un administrador aprueba sus pedidos.
No purchase order on this project yet.	Aucune commande sur ce projet pour l’instant.	Aún no hay pedidos en este proyecto.
No request on this project yet.	Aucune demande sur ce projet pour l’instant.	Aún no hay solicitudes en este proyecto.
None	Aucune	Ninguno
Not chosen yet	Pas encore choisi	Aún sin elegir
Note (needed to reject)	Note (requise pour refuser)	Nota (necesaria para rechazar)
Only a request not yet received is cancelled.	Seule une demande pas encore reçue s’annule.	Solo se cancela una solicitud aún no recibida.
Only an approved order is closed.	Seule une commande approuvée se clôture.	Solo se cierra un pedido aprobado.
Only an approved order is received.	Seule une commande approuvée se réceptionne.	Solo se recibe un pedido aprobado.
Only the project's budget owner, or an administrator, decides its orders.	Seul le responsable du budget du projet, ou un administrateur, décide de ses commandes.	Solo el responsable del presupuesto del proyecto, o un administrador, decide sus pedidos.
Ordered	Commandé	Pedido
Per room per night	Par chambre et par nuit	Por habitación y noche
Procurement	Achats	Compras
Procurement settings saved for this project.	Réglages des achats enregistrés pour ce projet.	Ajustes de compras guardados para este proyecto.
Purchase order (optional)	Bon de commande (facultatif)	Pedido de compra (opcional)
Purchase order raised for :total. It goes to the budget owner for approval.	Bon de commande émis pour :total. Il part au responsable du budget pour approbation.	Pedido de compra emitido por :total. Pasa al responsable del presupuesto para su aprobación.
Purchase orders	Bons de commande	Pedidos de compra
Quantity	Quantité	Cantidad
Quantity arrived	Quantité reçue	Cantidad recibida
Quote: :vendor at :price	Devis : :vendor à :price	Cotización: :vendor a :price
Raise a lodging request for every new hire	Déclencher une demande d’hébergement pour chaque nouvelle recrue	Generar una solicitud de alojamiento por cada nueva contratación
Raise purchase order	Émettre le bon de commande	Emitir pedido de compra
Raise request	Émettre la demande	Emitir solicitud
Raised by :name	Émis par :name	Emitido por :name
Received.	Reçu.	Recibido.
Received. The rooms are now in the hotel's block on the hotel board.	Reçu. Les chambres sont maintenant dans le bloc de l’hôtel sur le tableau des hôtels.	Recibido. Las habitaciones ya están en el bloque del hotel en el tablero de hoteles.
Rejected. The request is open again.	Refusée. La demande est de nouveau ouverte.	Rechazado. La solicitud vuelve a estar abierta.
Request raised.	Demande émise.	Solicitud emitida.
Requested	Demandé	Solicitado
Rooms available	Chambres disponibles	Habitaciones disponibles
Rooms confirmed	Chambres confirmées	Habitaciones confirmadas
Safety equipment	Équipement de sécurité	Equipo de seguridad
Say how many arrived, and when.	Indiquez combien sont arrivés, et quand.	Indique cuántos llegaron, y cuándo.
Say what is needed, in 3 to 190 characters.	Indiquez ce qu’il faut, en 3 à 190 caractères.	Indique qué se necesita, con 3 a 190 caracteres.
Say why it is cancelled.	Indiquez pourquoi c’est annulé.	Indique por qué se cancela.
Say why the order is rejected.	Indiquez pourquoi la commande est refusée.	Indique por qué se rechaza el pedido.
Something has already been received against this request. Close its order instead.	Quelque chose a déjà été reçu pour cette demande. Clôturez plutôt sa commande.	Ya se recibió algo de esta solicitud. Cierre su pedido en su lugar.
Still to be billed	Reste à facturer	Pendiente de facturar
That is more than was ordered: :ordered ordered, :received already received.	C’est plus que la commande : :ordered commandés, :received déjà reçus.	Es más de lo pedido: :ordered pedidos, :received ya recibidos.
That order has already been decided.	Cette commande a déjà été décidée.	Ese pedido ya fue decidido.
That purchase order is not on this project.	Cette commande n’est pas sur ce projet.	Ese pedido no es de este proyecto.
That request is not on this project.	Cette demande n’est pas sur ce projet.	Esa solicitud no es de este proyecto.
That unit already exists.	Cette unité existe déjà.	Esa unidad ya existe.
This request already has its order.	Cette demande a déjà sa commande.	Esta solicitud ya tiene su pedido.
Unit	Unité	Unidad
Unit price	Prix unitaire	Precio unitario
Units of measure	Unités de mesure	Unidades de medida
Vehicles	Véhicules	Vehículos
Vendor	Fournisseur	Proveedor
Waiting for the budget owner	En attente du responsable du budget	Pendiente del responsable del presupuesto
What approved orders commit the project to, against the vendor invoices recorded for them on Vendor payments.	Ce que les commandes approuvées engagent pour le projet, face aux factures fournisseurs enregistrées dans Paiements fournisseurs.	Lo que los pedidos aprobados comprometen al proyecto, frente a las facturas de proveedores registradas en Pagos a proveedores.
What the job needs - rooms, vehicles, safety equipment and the rest - from the request to the purchase order, its approval by the budget owner, what arrived, and what is still to be billed. There is no bidding: a quotation can be attached, and the order is raised from it.	Ce dont le chantier a besoin - chambres, véhicules, équipement de sécurité et le reste - de la demande au bon de commande, son approbation par le responsable du budget, ce qui est arrivé, et ce qui reste à facturer. Pas d’appel d’offres : un devis peut être joint, et la commande en découle.	Lo que el trabajo necesita - habitaciones, vehículos, equipo de seguridad y lo demás - de la solicitud al pedido, su aprobación por el responsable del presupuesto, lo que llegó y lo que queda por facturar. No hay licitación: se puede adjuntar una cotización y el pedido se emite a partir de ella.
Whoever raised an order does not approve it.	Qui a émis une commande ne l’approuve pas.	Quien emite un pedido no lo aprueba.
Why cancelled	Pourquoi annulée	Por qué se cancela
decided by :name	décidée par :name	decidido por :name
for :name	pour :name	para :name
for example: Box	par exemple : Boîte	por ejemplo: Caja
for example: Steel-toe boots, size 10	par exemple : Bottes à embout acier, pointure 43	por ejemplo: Botas con puntera de acero, talla 42
raised by a hire	déclenchée par une embauche	generada por una contratación
Room-night	Nuitée	Noche de habitación
Van-day	Jour de fourgon	Día de furgoneta
Pair	Paire	Par
Each	Pièce	Unidad
:bank, account ending :last	:bank, compte se terminant par :last	:bank, cuenta que termina en :last
:n change(s) waiting to be checked.	:n changement(s) en attente de vérification.	:n cambio(s) pendiente(s) de revisión.
A change to this detail is already waiting to be checked.	Un changement de cette information attend déjà d’être vérifié.	Un cambio de este dato ya está pendiente de revisión.
A city is 2 to 120 characters.	Une ville fait 2 à 120 caractères.	Una ciudad tiene de 2 a 120 caracteres.
A name is 2 to 190 characters.	Un nom fait 2 à 190 caractères.	Un nombre tiene de 2 a 190 caracteres.
A state is 2 to 40 characters.	Un État fait 2 à 40 caractères.	Un estado tiene de 2 a 40 caracteres.
Accept	Accepter	Aceptar
Accepted. The worker has been told.	Accepté. Le travailleur a été prévenu.	Aceptado. Se ha avisado al trabajador.
Ask for the change	Demander le changement	Solicitar el cambio
Asked for by the worker	Demandé par le travailleur	Solicitado por el trabajador
Bank details to check	Coordonnées bancaires à vérifier	Datos bancarios por revisar
Change requests	Demandes de changement	Solicitudes de cambio
Check the numbers against the cheque or bank letter before accepting. Showing them is recorded.	Vérifiez les numéros sur le chèque ou la lettre de la banque avant d’accepter. Leur affichage est enregistré.	Compruebe los números con el cheque o la carta del banco antes de aceptar. Mostrarlos queda registrado.
Check them	Les vérifier	Revisarlos
Choose which detail to change.	Choisissez l’information à changer.	Elija qué dato cambiar.
Coming back for another job? If nothing has changed, say so and you are done. To change something, ask below; somebody here checks it before your record changes.	Vous revenez pour un autre chantier ? Si rien n’a changé, dites-le et c’est fini. Pour changer quelque chose, demandez-le ci-dessous ; quelqu’un ici le vérifie avant que votre dossier change.	¿Vuelve para otro trabajo? Si nada ha cambiado, dígalo y listo. Para cambiar algo, pídalo abajo; alguien aquí lo revisa antes de cambiar su expediente.
Encrypted as soon as it is sent. Only the last four digits are ever shown, and payroll checks it before it is used.	Chiffré dès l’envoi. Seuls les quatre derniers chiffres sont affichés, et la paie les vérifie avant usage.	Se cifra en cuanto se envía. Solo se muestran los cuatro últimos dígitos, y nómina lo revisa antes de usarlo.
Give a phone number of 7 to 40 digits and spaces.	Indiquez un numéro de téléphone de 7 à 40 chiffres et espaces.	Indique un teléfono de 7 a 40 dígitos y espacios.
Give a valid email address.	Indiquez une adresse e-mail valide.	Indique un correo electrónico válido.
Give the name on the account.	Indiquez le nom du titulaire du compte.	Indique el nombre del titular de la cuenta.
In use: :bank, account ending :last.	En usage : :bank, compte se terminant par :last.	En uso: :bank, cuenta que termina en :last.
Last confirmed unchanged on :date.	Dernière confirmation sans changement le :date.	Confirmado sin cambios por última vez el :date.
My bank details	Mes coordonnées bancaires	Mis datos bancarios
My details	Mes informations	Mis datos
New value	Nouvelle valeur	Nuevo valor
No bank details on file yet.	Aucune coordonnée bancaire au dossier pour l’instant.	Aún no hay datos bancarios en el expediente.
No bank details waiting.	Aucune coordonnée bancaire en attente.	No hay datos bancarios pendientes.
No change to personal details waiting.	Aucun changement d’informations personnelles en attente.	No hay cambios de datos personales pendientes.
Nobody checks bank details they entered themselves.	Personne ne vérifie des coordonnées bancaires qu’il a saisies lui-même.	Nadie revisa datos bancarios que introdujo él mismo.
Not confirmed yet.	Pas encore confirmé.	Aún no confirmado.
Note (needed to refuse)	Note (requise pour refuser)	Nota (necesaria para rechazar)
Nothing has changed	Rien n’a changé	Nada ha cambiado
Nothing waiting from this person.	Rien en attente de la part de cette personne.	Nada pendiente de esta persona.
Personal details to check	Informations personnelles à vérifier	Datos personales por revisar
Refused	Refusé	Rechazado
Refused. The worker has been told why.	Refusé. Le travailleur a été prévenu de la raison.	Rechazado. Se ha explicado el motivo al trabajador.
Routing :routing · account :account · name :name	Code banque :routing · compte :account · titulaire :name	Ruta :routing · cuenta :account · titular :name
Say why the bank details are refused, so the worker can correct them.	Indiquez pourquoi les coordonnées bancaires sont refusées, pour que le travailleur puisse les corriger.	Indique por qué se rechazan los datos bancarios, para que el trabajador pueda corregirlos.
Say why the change is refused.	Indiquez pourquoi le changement est refusé.	Indique por qué se rechaza el cambio.
Send my bank details	Envoyer mes coordonnées bancaires	Enviar mis datos bancarios
Sent :date: :bank, ending :last	Envoyé le :date : :bank, se terminant par :last	Enviado el :date: :bank, termina en :last
Sent. Your details change once somebody here has checked it.	Envoyé. Vos informations changeront une fois vérifiées par quelqu’un ici.	Enviado. Sus datos cambiarán cuando alguien aquí lo haya revisado.
Show the full numbers	Afficher les numéros complets	Mostrar los números completos
Thank you. Payroll checks your bank details before they are used; until then your pay goes where it went before.	Merci. La paie vérifie vos coordonnées bancaires avant de les utiliser ; d’ici là, votre paie va là où elle allait avant.	Gracias. Nómina revisa sus datos bancarios antes de usarlos; hasta entonces su pago va donde iba antes.
Thank you. Your details on file are confirmed for this job.	Merci. Vos informations au dossier sont confirmées pour ce chantier.	Gracias. Sus datos en el expediente quedan confirmados para este trabajo.
That change has already been decided.	Ce changement a déjà été décidé.	Ese cambio ya fue decidido.
That is already what is on file.	C’est déjà ce qui figure au dossier.	Eso ya es lo que figura en el expediente.
Those bank details have already been decided.	Ces coordonnées bancaires ont déjà été décidées.	Esos datos bancarios ya fueron decididos.
What workers asked to change from their own folder. Nothing changes until it is accepted here; a refusal tells the worker why.	Ce que les travailleurs ont demandé à changer depuis leur dossier. Rien ne change avant d’être accepté ici ; un refus explique la raison au travailleur.	Lo que los trabajadores pidieron cambiar desde su expediente. Nada cambia hasta aceptarse aquí; un rechazo le explica el motivo al trabajador.
Your last bank details are still being checked. Wait for payroll before sending new ones.	Vos dernières coordonnées bancaires sont encore en vérification. Attendez la paie avant d’en envoyer de nouvelles.	Sus últimos datos bancarios aún se están revisando. Espere a nómina antes de enviar otros.
replaces the account ending :last	remplace le compte se terminant par :last	sustituye la cuenta que termina en :last
A change applies to every week ending on or after its date, never to a week already approved. Outside the band of the grade, only an administrator can set it.	Un changement s’applique à chaque semaine se terminant à sa date ou après, jamais à une semaine déjà approuvée. Hors de la fourchette de l’échelon, seul un administrateur peut le fixer.	Un cambio se aplica a cada semana que termina en su fecha o después, nunca a una semana ya aprobada. Fuera de la banda del grado, solo un administrador puede fijarlo.
A change of this kind already takes effect on that date. Cancel it first.	Un changement de ce type prend déjà effet à cette date. Annulez-le d’abord.	Ya hay un cambio de este tipo con efecto en esa fecha. Cancélelo primero.
A grade with that name already exists.	Un échelon de ce nom existe déjà.	Ya existe un grado con ese nombre.
A grade, and the band its pay is expected to sit in. Pay outside the band of somebody's grade can only be set by an administrator, with the reason, and it is marked.	Un échelon, et la fourchette où sa paie doit se situer. Une paie hors de la fourchette de l’échelon ne peut être fixée que par un administrateur, avec la raison, et elle est signalée.	Un grado y la banda en la que debe situarse su pago. Un pago fuera de la banda del grado solo puede fijarlo un administrador, con el motivo, y queda marcado.
A salary per pay period is above 0 and at most 1,000,000.	Un salaire par période de paie est supérieur à 0 et au plus 1 000 000.	Un salario por periodo de pago es mayor que 0 y como máximo 1.000.000.
An hourly rate is above 0 and at most 1,000.	Un taux horaire est supérieur à 0 et au plus 1 000.	Una tarifa por hora es mayor que 0 y como máximo 1.000.
Assignment ended	Fin d’affectation	Fin de asignación
Assignment started	Début d’affectation	Inicio de asignación
Assignment, for an hourly rate	Affectation, pour un taux horaire	Asignación, para una tarifa por hora
Band ends are blank, or amounts: up to 1,000 an hour, up to 1,000,000 a pay period.	Les bornes de fourchette sont vides ou des montants : jusqu’à 1 000 de l’heure, jusqu’à 1 000 000 par période.	Los extremos de la banda están vacíos o son importes: hasta 1.000 por hora, hasta 1.000.000 por periodo.
Cancelled. It will not take effect.	Annulé. Il ne prendra pas effet.	Cancelado. No tendrá efecto.
Change :grade	Modifier :grade	Modificar :grade
Choose a grade from the list.	Choisissez un échelon dans la liste.	Elija un grado de la lista.
Choose one of this person's current assignments.	Choisissez une des affectations en cours de cette personne.	Elija una de las asignaciones actuales de esta persona.
Choose what changes: salary, an hourly rate or the grade.	Choisissez ce qui change : salaire, taux horaire ou échelon.	Elija qué cambia: salario, tarifa por hora o grado.
Classification changed	Classification modifiée	Clasificación cambiada
Employment history	Historique d’emploi	Historial de empleo
Grade	Échelon	Grado
Grade changed	Échelon modifié	Grado cambiado
Grade saved. Pay already set is not changed; a change outside the band now needs an administrator.	Échelon enregistré. La paie déjà fixée ne change pas ; un changement hors fourchette nécessite désormais un administrateur.	Grado guardado. El pago ya fijado no cambia; un cambio fuera de la banda ahora requiere un administrador.
Grade: :grade	Échelon : :grade	Grado: :grade
Hourly band	Fourchette horaire	Banda por hora
Hourly rate changed	Taux horaire modifié	Tarifa por hora cambiada
Hourly rate from	Taux horaire de	Tarifa por hora desde
Hourly rate on an assignment	Taux horaire d’une affectation	Tarifa por hora de una asignación
Hourly rate to	Taux horaire à	Tarifa por hora hasta
Name the grade in 2 to 120 characters.	Nommez l’échelon en 2 à 120 caractères.	Nombre el grado con 2 a 120 caracteres.
New amount	Nouveau montant	Nuevo importe
New grade	Nouvel échelon	Nuevo grado
No grade yet. Pay is not compared with any band until there is one.	Aucun échelon pour l’instant. La paie n’est comparée à aucune fourchette tant qu’il n’y en a pas.	Aún no hay grados. El pago no se compara con ninguna banda hasta que haya uno.
Not a grade	Pas un échelon	No es un grado
Not an hourly rate	Pas un taux horaire	No es una tarifa por hora
Nothing recorded yet: no assignment, promotion, transfer or change of classification or grade.	Rien d’enregistré : aucune affectation, promotion, mutation ni changement de classification ou d’échelon.	Nada registrado aún: ninguna asignación, ascenso, traslado ni cambio de clasificación o grado.
Pay and grade	Paie et échelon	Pago y grado
Pay change recorded. It applies to every week ending on or after its date.	Changement de paie enregistré. Il s’applique à chaque semaine se terminant à sa date ou après.	Cambio de pago registrado. Se aplica a cada semana que termina en su fecha o después.
Pay for the week ending :date is already approved. Make the change take effect after it, and settle the difference with an adjustment.	La paie de la semaine se terminant le :date est déjà approuvée. Faites prendre effet le changement après, et réglez l’écart par un ajustement.	El pago de la semana que termina el :date ya está aprobado. Haga que el cambio surta efecto después y resuelva la diferencia con un ajuste.
Pay grades	Échelons de paie	Grados de pago
Promoted	Promu	Ascendido
Salary band	Fourchette de salaire	Banda salarial
Salary changed	Salaire modifié	Salario cambiado
Salary per pay period	Salaire par période de paie	Salario por periodo de pago
Salary per pay period from	Salaire par période de	Salario por periodo desde
Salary per pay period to	Salaire par période à	Salario por periodo hasta
Say why pay changes, in up to 500 characters.	Indiquez pourquoi la paie change, en 500 caractères au plus.	Indique por qué cambia el pago, en hasta 500 caracteres.
That change is already in effect. Record a new one instead.	Ce changement est déjà en vigueur. Enregistrez-en plutôt un nouveau.	Ese cambio ya está en vigor. Registre uno nuevo en su lugar.
That change is not waiting to take effect.	Ce changement n’attend pas de prendre effet.	Ese cambio no está pendiente de surtir efecto.
That grade does not exist.	Cet échelon n’existe pas.	Ese grado no existe.
That is already the grade on that date.	C’est déjà l’échelon à cette date.	Ese ya es el grado en esa fecha.
That is already the pay on that date.	C’est déjà la paie à cette date.	Ese ya es el pago en esa fecha.
That is outside the band of the person's grade. An administrator can set it, with the reason.	C’est hors de la fourchette de l’échelon de la personne. Un administrateur peut le fixer, avec la raison.	Está fuera de la banda del grado de la persona. Un administrador puede fijarlo, con el motivo.
The bottom of a band cannot be above its top.	Le bas d’une fourchette ne peut pas dépasser son haut.	El mínimo de una banda no puede superar su máximo.
Transferred	Muté	Trasladado
What changes	Ce qui change	Qué cambia
cancelled	annulé	cancelado
changed under Pay and grade, with a date and a reason	se modifie dans Paie et échelon, avec une date et une raison	se cambia en Pago y grado, con una fecha y un motivo
for example: Journeyman welder	par exemple : Soudeur qualifié	por ejemplo: Soldador oficial
hourly :rate · salary :salary	horaire :rate · salaire :salary	por hora :rate · salario :salary
outside the band	hors fourchette	fuera de la banda
rate from the scope of work	taux du cahier des charges	tarifa del alcance del trabajo
